internalTaxonId,scientificName,kingdomName,phylumName,className,orderName,familyName,genusName,speciesName
13013,Megupsilon aporus,ANIMALIA,CHORDATA,ACTINOPTERYGII,CYPRINODONTIFORMES,CYPRINODONTIDAE,Megupsilon,aporus
136769,Pipistrellus murrayi,ANIMALIA,CHORDATA,MAMMALIA,CHIROPTERA,VESPERTILIONIDAE,Pipistrellus,murrayi
14556,Neoplanorbis tantillus,ANIMALIA,MOLLUSCA,GASTROPODA,HYGROPHILA,PLANORBIDAE,Neoplanorbis,tantillus
14882,Notropis aulidion,ANIMALIA,CHORDATA,ACTINOPTERYGII,CYPRINIFORMES,CYPRINIDAE,Notropis,aulidion
14894,Notropis saladonis,ANIMALIA,CHORDATA,ACTINOPTERYGII,CYPRINIFORMES,CYPRINIDAE,Notropis,saladonis
17689,Pleurobema perovatum,ANIMALIA,MOLLUSCA,BIVALVIA,UNIONOIDA,UNIONIDAE,Pleurobema,perovatum
177724,Stagnicola pilsbryi,ANIMALIA,MOLLUSCA,GASTROPODA,HYGROPHILA,LYMNAEIDAE,Stagnicola,pilsbryi
18338,Prolagus sardus,ANIMALIA,CHORDATA,MAMMALIA,LAGOMORPHA,PROLAGIDAE,Prolagus,sardus
191116,Atherinella callida,ANIMALIA,CHORDATA,ACTINOPTERYGII,ATHERINIFORMES,ATHERINOPSIDAE,Atherinella,callida
195373,Acalypha dikuluwensis,PLANTAE,TRACHEOPHYTA,MAGNOLIOPSIDA,MALPIGHIALES,EUPHORBIACEAE,Acalypha,dikuluwensis
195376,Basananthe cupricola,PLANTAE,TRACHEOPHYTA,MAGNOLIOPSIDA,MALPIGHIALES,PASSIFLORACEAE,Basananthe,cupricola
196286,Thomasettia seychellana,ANIMALIA,ARTHROPODA,ARACHNIDA,ARANEAE,SPARASSIDAE,Thomasettia,seychellana
196288,Pleorotus braueri,ANIMALIA,ARTHROPODA,ARACHNIDA,ARANEAE,SPARASSIDAE,Pleorotus,braueri
196290,Stipax triangulifer,ANIMALIA,ARTHROPODA,ARACHNIDA,ARANEAE,SPARASSIDAE,Stipax,triangulifer
197874,Macrobrachium leptodactylus,ANIMALIA,ARTHROPODA,MALACOSTRACA,DECAPODA,PALAEMONIDAE,Macrobrachium,leptodactylus
199495,Margatteoidea amoena,ANIMALIA,ARTHROPODA,INSECTA,BLATTODEA,BLATTELLIDAE,Margatteoidea,amoena
199821,Acalypha wilderi,PLANTAE,TRACHEOPHYTA,MAGNOLIOPSIDA,MALPIGHIALES,EUPHORBIACEAE,Acalypha,wilderi
201462,Dicrogonatus gardineri,ANIMALIA,ARTHROPODA,ARACHNIDA,HOLOTHYROIDAE,HOLOTHYRIDAE,Dicrogonatus,gardineri
201472,Eucarlia alluaudi,ANIMALIA,ARTHROPODA,DIPLOPODA,SPIROBOLIDA,PACHYBOLIDAE,Eucarlia,alluaudi
201484,Orthomorpha crinita,ANIMALIA,ARTHROPODA,DIPLOPODA,POLYDESMIDA,PARADOXOSOMATIDAE,Orthomorpha,crinita
21120,Stypodon signifer,ANIMALIA,CHORDATA,ACTINOPTERYGII,CYPRINIFORMES,CYPRINIDAE,Stypodon,signifer
21250,Syncaris pasadenae,ANIMALIA,ARTHROPODA,MALACOSTRACA,DECAPODA,ATYIDAE,Syncaris,pasadenae
21286,Tachygyia microlepis,ANIMALIA,CHORDATA,REPTILIA,SQUAMATA,SCINCIDAE,Tachygyia,microlepis
39158,Flabellidium spinosum,PLANTAE,BRYOPHYTA,BRYOPSIDA,HYPNALES,BRACHYTHECIACEAE,Flabellidium,spinosum
43920,Dryopteris ascensionis,PLANTAE,TRACHEOPHYTA,POLYPODIOPSIDA,POLYPODIALES,DRYOPTERIDACEAE,Dryopteris,ascensionis
43923,Oldenlandia adscensionis,PLANTAE,TRACHEOPHYTA,MAGNOLIOPSIDA,GENTIANALES,RUBIACEAE,Oldenlandia,adscensionis
43927,Sporobolus durus,PLANTAE,TRACHEOPHYTA,LILIOPSIDA,POALES,POACEAE,Sporobolus,durus
4530,Characodon garmani,ANIMALIA,CHORDATA,ACTINOPTERYGII,CYPRINODONTIFORMES,GOODEIDAE,Characodon,garmani
4589,Chasmistes muriei,ANIMALIA,CHORDATA,ACTINOPTERYGII,CYPRINIFORMES,CATOSTOMIDAE,Chasmistes,muriei
6176,Cyprinodon inmemoriam,ANIMALIA,CHORDATA,ACTINOPTERYGII,CYPRINODONTIFORMES,CYPRINODONTIDAE,Cyprinodon,inmemoriam
6177,Cyprinodon ceciliae,ANIMALIA,CHORDATA,ACTINOPTERYGII,CYPRINODONTIFORMES,CYPRINODONTIDAE,Cyprinodon,ceciliae
7589,Elimia clausa,ANIMALIA,MOLLUSCA,GASTROPODA,SORBEOCONCHA,PLEUROCERIDAE,Elimia,clausa
7590,Elimia fusiformis,ANIMALIA,MOLLUSCA,GASTROPODA,SORBEOCONCHA,PLEUROCERIDAE,Elimia,fusiformis
7593,Elimia jonesi,ANIMALIA,MOLLUSCA,GASTROPODA,SORBEOCONCHA,PLEUROCERIDAE,Elimia,jonesi
7595,Elimia pilsbryi,ANIMALIA,MOLLUSCA,GASTROPODA,SORBEOCONCHA,PLEUROCERIDAE,Elimia,pilsbryi
8431,Evarra bustamantei,ANIMALIA,CHORDATA,ACTINOPTERYGII,CYPRINIFORMES,CYPRINIDAE,Evarra,bustamantei
8432,Evarra eigenmanni,ANIMALIA,CHORDATA,ACTINOPTERYGII,CYPRINIFORMES,CYPRINIDAE,Evarra,eigenmanni
8433,Evarra tlahuacensis,ANIMALIA,CHORDATA,ACTINOPTERYGII,CYPRINIFORMES,CYPRINIDAE,Evarra,tlahuacensis
9023,Chelonoidis niger,ANIMALIA,CHORDATA,REPTILIA,TESTUDINES,TESTUDINIDAE,Chelonoidis,niger
1000,Amastra umbilicata,ANIMALIA,MOLLUSCA,GASTROPODA,STYLOMMATOPHORA,AMASTRIDAE,Amastra,umbilicata
10182,Hirasea planulata,ANIMALIA,MOLLUSCA,GASTROPODA,STYLOMMATOPHORA,ENDODONTIDAE,Hirasea,planulata
10345,Hygrotus artus,ANIMALIA,ARTHROPODA,INSECTA,COLEOPTERA,DYTISCIDAE,Hygrotus,artus
10637,Hypena laysanensis,ANIMALIA,ARTHROPODA,INSECTA,LEPIDOPTERA,NOCTUIDAE,Hypena,laysanensis
10639,Hypena plagiota,ANIMALIA,ARTHROPODA,INSECTA,LEPIDOPTERA,NOCTUIDAE,Hypena,plagiota
10640,Hypena senicula,ANIMALIA,ARTHROPODA,INSECTA,LEPIDOPTERA,NOCTUIDAE,Hypena,senicula
10641,Hypena newelli,ANIMALIA,ARTHROPODA,INSECTA,LEPIDOPTERA,NOCTUIDAE,Hypena,newelli
10815,Incerticyclus cinereus,ANIMALIA,MOLLUSCA,GASTROPODA,ARCHITAENIOGLOSSA,NEOCYCLOTIDAE,Incerticyclus,cinereus
10816,Incerticyclus martinicensis,ANIMALIA,MOLLUSCA,GASTROPODA,ARCHITAENIOGLOSSA,NEOCYCLOTIDAE,Incerticyclus,martinicensis
11196,Lamellidea monodonta,ANIMALIA,MOLLUSCA,GASTROPODA,STYLOMMATOPHORA,ACHATINELLIDAE,Lamellidea,monodonta
11197,Lamellidea nakadai,ANIMALIA,MOLLUSCA,GASTROPODA,STYLOMMATOPHORA,ACHATINELLIDAE,Lamellidea,nakadai
11251,Lampsilis binominata,ANIMALIA,MOLLUSCA,BIVALVIA,UNIONOIDA,UNIONIDAE,Lampsilis,binominata
11459,Leiostyla lamellosa,ANIMALIA,MOLLUSCA,GASTROPODA,STYLOMMATOPHORA,LAURIIDAE,Leiostyla,lamellosa
1164,Amphicyclotulus guadeloupensis,ANIMALIA,MOLLUSCA,GASTROPODA,ARCHITAENIOGLOSSA,NEOCYCLOTIDAE,Amphicyclotulus,guadeloupensis
1168,Amphigyra alabamensis,ANIMALIA,MOLLUSCA,GASTROPODA,HYGROPHILA,PLANORBIDAE,Amphigyra,alabamensis
11768,Athearnia crassa,ANIMALIA,MOLLUSCA,GASTROPODA,SORBEOCONCHA,PLEUROCERIDAE,Athearnia,crassa
11773,Leptoxis clipeata,ANIMALIA,MOLLUSCA,GASTROPODA,SORBEOCONCHA,PLEUROCERIDAE,Leptoxis,clipeata
11774,Leptoxis compacta,ANIMALIA,MOLLUSCA,GASTROPODA,SORBEOCONCHA,PLEUROCERIDAE,Leptoxis,compacta
11775,Leptoxis foremanii,ANIMALIA,MOLLUSCA,GASTROPODA,SORBEOCONCHA,PLEUROCERIDAE,Leptoxis,foremanii
11776,Leptoxis formosa,ANIMALIA,MOLLUSCA,GASTROPODA,SORBEOCONCHA,PLEUROCERIDAE,Leptoxis,formosa
11777,Leptoxis ligata,ANIMALIA,MOLLUSCA,GASTROPODA,SORBEOCONCHA,PLEUROCERIDAE,Leptoxis,ligata
11778,Leptoxis lirata,ANIMALIA,MOLLUSCA,GASTROPODA,SORBEOCONCHA,PLEUROCERIDAE,Leptoxis,lirata
11781,Leptoxis occultata,ANIMALIA,MOLLUSCA,GASTROPODA,SORBEOCONCHA,PLEUROCERIDAE,Leptoxis,occultata
11784,Leptoxis showalterii,ANIMALIA,MOLLUSCA,GASTROPODA,SORBEOCONCHA,PLEUROCERIDAE,Leptoxis,showalterii
11786,Leptoxis torrefacta,ANIMALIA,MOLLUSCA,GASTROPODA,SORBEOCONCHA,PLEUROCERIDAE,Leptoxis,torrefacta
11788,Leptoxis vittata,ANIMALIA,MOLLUSCA,GASTROPODA,SORBEOCONCHA,PLEUROCERIDAE,Leptoxis,vittata
11895,Leucocharis loyaltiensis,ANIMALIA,MOLLUSCA,GASTROPODA,STYLOMMATOPHORA,ORTHALICIDAE,Leucocharis,loyaltiensis
11896,Leucocharis porphyrocheila,ANIMALIA,MOLLUSCA,GASTROPODA,STYLOMMATOPHORA,ORTHALICIDAE,Leucocharis,porphyrocheila
11919,Levuana irridescens,ANIMALIA,ARTHROPODA,INSECTA,LEPIDOPTERA,ZYGAENIDAE,Levuana,irridescens
11931,Libera subcavernula,ANIMALIA,MOLLUSCA,GASTROPODA,STYLOMMATOPHORA,CHAROPIDAE,Libera,subcavernula
11932,Libera tumuloides,ANIMALIA,MOLLUSCA,GASTROPODA,STYLOMMATOPHORA,CHAROPIDAE,Libera,tumuloides
11934,Libythea cinyras,ANIMALIA,ARTHROPODA,INSECTA,LEPIDOPTERA,NYMPHALIDAE,Libythea,cinyras
11993,Liocypris grandis,ANIMALIA,ARTHROPODA,OSTRACODA,PODOCOPIDA,CYPRIDIDAE,Liocypris,grandis
12242,Littoraria flammea,ANIMALIA,MOLLUSCA,GASTROPODA,LITTORINIMORPHA,LITTORINIDAE,Littoraria,flammea
12243,Littoridina gaudichaudii,ANIMALIA,MOLLUSCA,GASTROPODA,LITTORINIMORPHA,COCHLIOPIDAE,Littoridina,gaudichaudii
12382,Lottia alveus,ANIMALIA,MOLLUSCA,GASTROPODA,PATELLIDA,LOTTIIDAE,Lottia,alveus
12526,Lyropupa perlonga,ANIMALIA,MOLLUSCA,GASTROPODA,STYLOMMATOPHORA,PUPILLIDAE,Lyropupa,perlonga
12879,Mautodontha acuticosta,ANIMALIA,MOLLUSCA,GASTROPODA,STYLOMMATOPHORA,CHAROPIDAE,Mautodontha,acuticosta
12882,Mautodontha consimilis,ANIMALIA,MOLLUSCA,GASTROPODA,STYLOMMATOPHORA,CHAROPIDAE,Mautodontha,consimilis
12883,Mautodontha consobrina,ANIMALIA,MOLLUSCA,GASTROPODA,STYLOMMATOPHORA,CHAROPIDAE,Mautodontha,consobrina
12884,Mautodontha maupiensis,ANIMALIA,MOLLUSCA,GASTROPODA,STYLOMMATOPHORA,CHAROPIDAE,Mautodontha,maupiensis
12885,Mautodontha parvidens,ANIMALIA,MOLLUSCA,GASTROPODA,STYLOMMATOPHORA,CHAROPIDAE,Mautodontha,parvidens
12886,Mautodontha punctiperforata,ANIMALIA,MOLLUSCA,GASTROPODA,STYLOMMATOPHORA,CHAROPIDAE,Mautodontha,punctiperforata
12887,Mautodontha saintjohni,ANIMALIA,MOLLUSCA,GASTROPODA,STYLOMMATOPHORA,CHAROPIDAE,Mautodontha,saintjohni
12888,Mautodontha subtilis,ANIMALIA,MOLLUSCA,GASTROPODA,STYLOMMATOPHORA,CHAROPIDAE,Mautodontha,subtilis
12889,Mautodontha unilamellata,ANIMALIA,MOLLUSCA,GASTROPODA,STYLOMMATOPHORA,CHAROPIDAE,Mautodontha,unilamellata
12890,Mautodontha zebrina,ANIMALIA,MOLLUSCA,GASTROPODA,STYLOMMATOPHORA,CHAROPIDAE,Mautodontha,zebrina
1292,Fluvidona dulvertonensis,ANIMALIA,MOLLUSCA,GASTROPODA,LITTORINIMORPHA,TATEIDAE,Fluvidona,dulvertonensis
12922,Mecodema punctellum,ANIMALIA,ARTHROPODA,INSECTA,COLEOPTERA,CARABIDAE,Mecodema,punctellum
12926,Medionidus mcglameriae,ANIMALIA,MOLLUSCA,BIVALVIA,UNIONOIDA,UNIONIDAE,Medionidus,mcglameriae
12944,Megadytes ducalis,ANIMALIA,ARTHROPODA,INSECTA,COLEOPTERA,DYTISCIDAE,Megadytes,ducalis
135421,Salvelinus neocomensis,ANIMALIA,CHORDATA,ACTINOPTERYGII,SALMONIFORMES,SALMONIDAE,Salvelinus,neocomensis
135505,Eudontomyzon sp. nov. 'migratory',ANIMALIA,CHORDATA,CEPHALASPIDOMORPHI,PETROMYZONTIFORMES,PETROMYZONTIDAE,Eudontomyzon,sp. nov. 'migratory'
135506,Coregonus gutturosus,ANIMALIA,CHORDATA,ACTINOPTERYGII,SALMONIFORMES,SALMONIDAE,Coregonus,gutturosus
135539,Salvelinus profundus,ANIMALIA,CHORDATA,ACTINOPTERYGII,SALMONIFORMES,SALMONIDAE,Salvelinus,profundus
135556,Coregonus bezola,ANIMALIA,CHORDATA,ACTINOPTERYGII,SALMONIFORMES,SALMONIDAE,Coregonus,bezola
135570,Coregonus restrictus,ANIMALIA,CHORDATA,ACTINOPTERYGII,SALMONIFORMES,SALMONIDAE,Coregonus,restrictus
135627,Coregonus fera,ANIMALIA,CHORDATA,ACTINOPTERYGII,SALMONIFORMES,SALMONIDAE,Coregonus,fera
135636,Romanogobio antipai,ANIMALIA,CHORDATA,ACTINOPTERYGII,CYPRINIFORMES,CYPRINIDAE,Romanogobio,antipai
135637,Gasterosteus crenobiontus,ANIMALIA,CHORDATA,ACTINOPTERYGII,GASTEROSTEIFORMES,GASTEROSTEIDAE,Gasterosteus,crenobiontus
135671,Coregonus hiemalis,ANIMALIA,CHORDATA,ACTINOPTERYGII,SALMONIFORMES,SALMONIDAE,Coregonus,hiemalis
136721,Bos primigenius,ANIMALIA,CHORDATA,MAMMALIA,CETARTIODACTYLA,BOVIDAE,Bos,primigenius
14316,Namibcypris costata,ANIMALIA,ARTHROPODA,OSTRACODA,PODOCOPIDA,CANDONIDAE,Namibcypris,costata
14318,Nancibella quintalia,ANIMALIA,MOLLUSCA,GASTROPODA,STYLOMMATOPHORA,HELICARIONIDAE,Nancibella,quintalia
14483,Neduba extincta,ANIMALIA,ARTHROPODA,INSECTA,ORTHOPTERA,TETTIGONIIDAE,Neduba,extincta
14553,Neoplanorbis carinatus,ANIMALIA,MOLLUSCA,GASTROPODA,HYGROPHILA,PLANORBIDAE,Neoplanorbis,carinatus
14554,Neoplanorbis smithi,ANIMALIA,MOLLUSCA,GASTROPODA,HYGROPHILA,PLANORBIDAE,Neoplanorbis,smithi
14555,Neoplanorbis umbilicatus,ANIMALIA,MOLLUSCA,GASTROPODA,HYGROPHILA,PLANORBIDAE,Neoplanorbis,umbilicatus
14681,Nesopupa turtoni,ANIMALIA,MOLLUSCA,GASTROPODA,STYLOMMATOPHORA,PUPILLIDAE,Nesopupa,turtoni
14746,Newcombia philippiana,ANIMALIA,MOLLUSCA,GASTROPODA,STYLOMMATOPHORA,ACHATINELLIDAE,Newcombia,philippiana
15166,Oeobia sp. nov.,ANIMALIA,ARTHROPODA,INSECTA,LEPIDOPTERA,CRAMBIDAE,Oeobia,sp. nov.
15187,Ohridohauffenia drimica,ANIMALIA,MOLLUSCA,GASTROPODA,LITTORINIMORPHA,HYDROBIIDAE,Ohridohauffenia,drimica
15191,Oleacina guadeloupensis,ANIMALIA,MOLLUSCA,GASTROPODA,STYLOMMATOPHORA,OLEACINIDAE,Oleacina,guadeloupensis
15297,Omphalotropis plicosa,ANIMALIA,MOLLUSCA,GASTROPODA,LITTORINIMORPHA,ASSIMINEIDAE,Omphalotropis,plicosa
153621,Cambarellus chihuahuae,ANIMALIA,ARTHROPODA,MALACOSTRACA,DECAPODA,CAMBARIDAE,Cambarellus,chihuahuae
153825,Cambarellus alvarezi,ANIMALIA,ARTHROPODA,MALACOSTRACA,DECAPODA,CAMBARIDAE,Cambarellus,alvarezi
155676,Heleobia spinellii,ANIMALIA,MOLLUSCA,GASTROPODA,LITTORINIMORPHA,COCHLIOPIDAE,Heleobia,spinellii
155726,Islamia ateni,ANIMALIA,MOLLUSCA,GASTROPODA,LITTORINIMORPHA,HYDROBIIDAE,Islamia,ateni
155997,Bythinella gibbosa,ANIMALIA,MOLLUSCA,GASTROPODA,LITTORINIMORPHA,BYTHINELLIDAE,Bythinella,gibbosa
15864,Pachystyla rufozonata,ANIMALIA,MOLLUSCA,GASTROPODA,STYLOMMATOPHORA,EUCONULIDAE,Pachystyla,rufozonata
15867,Pacifastacus nigrescens,ANIMALIA,ARTHROPODA,MALACOSTRACA,DECAPODA,ASTACIDAE,Pacifastacus,nigrescens
15971,Panulena perrugosa,ANIMALIA,MOLLUSCA,GASTROPODA,STYLOMMATOPHORA,HELICARIONIDAE,Panulena,perrugosa
162307,Euphrasia mendoncae,PLANTAE,TRACHEOPHYTA,MAGNOLIOPSIDA,LAMIALES,OROBANCHACEAE,Euphrasia,mendoncae
16272,Partula aurantia,ANIMALIA,MOLLUSCA,GASTROPODA,STYLOMMATOPHORA,PARTULIDAE,Partula,aurantia
16280,Partula salifana,ANIMALIA,MOLLUSCA,GASTROPODA,STYLOMMATOPHORA,PARTULIDAE,Partula,salifana
16284,Partula arguta,ANIMALIA,MOLLUSCA,GASTROPODA,STYLOMMATOPHORA,PARTULIDAE,Partula,arguta
16290,Partula labrusca,ANIMALIA,MOLLUSCA,GASTROPODA,STYLOMMATOPHORA,PARTULIDAE,Partula,labrusca
16298,Partula atilis,ANIMALIA,MOLLUSCA,GASTROPODA,STYLOMMATOPHORA,PARTULIDAE,Partula,atilis
16300,Partula auriculata,ANIMALIA,MOLLUSCA,GASTROPODA,STYLOMMATOPHORA,PARTULIDAE,Partula,auriculata
16306,Partula crassilabris,ANIMALIA,MOLLUSCA,GASTROPODA,STYLOMMATOPHORA,PARTULIDAE,Partula,crassilabris
16301,Partula candida,ANIMALIA,MOLLUSCA,GASTROPODA,STYLOMMATOPHORA,PARTULIDAE,Partula,candida
16308,Partula dolichostoma,ANIMALIA,MOLLUSCA,GASTROPODA,STYLOMMATOPHORA,PARTULIDAE,Partula,dolichostoma
16303,Partula citrina,ANIMALIA,MOLLUSCA,GASTROPODA,STYLOMMATOPHORA,PARTULIDAE,Partula,citrina
16310,Partula formosa,ANIMALIA,MOLLUSCA,GASTROPODA,STYLOMMATOPHORA,PARTULIDAE,Partula,formosa
16312,Partula garretti,ANIMALIA,MOLLUSCA,GASTROPODA,STYLOMMATOPHORA,PARTULIDAE,Partula,garretti
16307,Partula cuneata,ANIMALIA,MOLLUSCA,GASTROPODA,STYLOMMATOPHORA,PARTULIDAE,Partula,cuneata
16314,Partula imperforata,ANIMALIA,MOLLUSCA,GASTROPODA,STYLOMMATOPHORA,PARTULIDAE,Partula,imperforata
16315,Partula leptochila,ANIMALIA,MOLLUSCA,GASTROPODA,STYLOMMATOPHORA,PARTULIDAE,Partula,leptochila
16317,Partula levistriata,ANIMALIA,MOLLUSCA,GASTROPODA,STYLOMMATOPHORA,PARTULIDAE,Partula,levistriata
16318,Partula lutea,ANIMALIA,MOLLUSCA,GASTROPODA,STYLOMMATOPHORA,PARTULIDAE,Partula,lutea
16322,Partula producta,ANIMALIA,MOLLUSCA,GASTROPODA,STYLOMMATOPHORA,PARTULIDAE,Partula,producta
16324,Partula protracta,ANIMALIA,MOLLUSCA,GASTROPODA,STYLOMMATOPHORA,PARTULIDAE,Partula,protracta
16326,Partula raiatensis,ANIMALIA,MOLLUSCA,GASTROPODA,STYLOMMATOPHORA,PARTULIDAE,Partula,raiatensis
16327,Partula remota,ANIMALIA,MOLLUSCA,GASTROPODA,STYLOMMATOPHORA,PARTULIDAE,Partula,remota
16331,Partula turgida,ANIMALIA,MOLLUSCA,GASTROPODA,STYLOMMATOPHORA,PARTULIDAE,Partula,turgida
16334,Partula bilineata,ANIMALIA,MOLLUSCA,GASTROPODA,STYLOMMATOPHORA,PARTULIDAE,Partula,bilineata
16335,Partula callifera,ANIMALIA,MOLLUSCA,GASTROPODA,STYLOMMATOPHORA,PARTULIDAE,Partula,callifera
16336,Partula cedista,ANIMALIA,MOLLUSCA,GASTROPODA,STYLOMMATOPHORA,PARTULIDAE,Partula,cedista
16337,Partula cytherea,ANIMALIA,MOLLUSCA,GASTROPODA,STYLOMMATOPHORA,PARTULIDAE,Partula,cytherea
16338,Partula dolorosa,ANIMALIA,MOLLUSCA,GASTROPODA,STYLOMMATOPHORA,PARTULIDAE,Partula,dolorosa
16339,Partula eremita,ANIMALIA,MOLLUSCA,GASTROPODA,STYLOMMATOPHORA,PARTULIDAE,Partula,eremita
16341,Partula planilabrum,ANIMALIA,MOLLUSCA,GASTROPODA,STYLOMMATOPHORA,PARTULIDAE,Partula,planilabrum
16343,Partula sagitta,ANIMALIA,MOLLUSCA,GASTROPODA,STYLOMMATOPHORA,PARTULIDAE,Partula,sagitta
16349,Partula umbilicata,ANIMALIA,MOLLUSCA,GASTROPODA,STYLOMMATOPHORA,PARTULIDAE,Partula,umbilicata
16351,Partulina crassa,ANIMALIA,MOLLUSCA,GASTROPODA,STYLOMMATOPHORA,ACHATINELLIDAE,Partulina,crassa
16353,Partulina montagui,ANIMALIA,MOLLUSCA,GASTROPODA,STYLOMMATOPHORA,ACHATINELLIDAE,Partulina,montagui
165210,Viola cryana,PLANTAE,TRACHEOPHYTA,MAGNOLIOPSIDA,MALPIGHIALES,VIOLACEAE,Viola,cryana
165235,Centaurea pseudoleucolepis,PLANTAE,TRACHEOPHYTA,MAGNOLIOPSIDA,ASTERALES,ASTERACEAE,Centaurea,pseudoleucolepis
16601,Perdicella fulgurans,ANIMALIA,MOLLUSCA,GASTROPODA,STYLOMMATOPHORA,ACHATINELLIDAE,Perdicella,fulgurans
16602,Perdicella maniensis,ANIMALIA,MOLLUSCA,GASTROPODA,STYLOMMATOPHORA,ACHATINELLIDAE,Perdicella,maniensis
16603,Perdicella zebra,ANIMALIA,MOLLUSCA,GASTROPODA,STYLOMMATOPHORA,ACHATINELLIDAE,Perdicella,zebra
16604,Perdicella zebrina,ANIMALIA,MOLLUSCA,GASTROPODA,STYLOMMATOPHORA,ACHATINELLIDAE,Perdicella,zebrina
166049,Anabarilius macrolepis,ANIMALIA,CHORDATA,ACTINOPTERYGII,CYPRINIFORMES,XENOCYPRIDIDAE,Anabarilius,macrolepis
168112,Pachnodus ladiguensis,ANIMALIA,MOLLUSCA,GASTROPODA,STYLOMMATOPHORA,CERASTIDAE,Pachnodus,ladiguensis
168116,Pachnodus curiosus,ANIMALIA,MOLLUSCA,GASTROPODA,STYLOMMATOPHORA,CERASTIDAE,Pachnodus,curiosus
168191,Partula lugubris,ANIMALIA,MOLLUSCA,GASTROPODA,STYLOMMATOPHORA,PARTULIDAE,Partula,lugubris
168192,Partula navigatoria,ANIMALIA,MOLLUSCA,GASTROPODA,STYLOMMATOPHORA,PARTULIDAE,Partula,navigatoria
168200,Samoana inflata,ANIMALIA,MOLLUSCA,GASTROPODA,STYLOMMATOPHORA,PARTULIDAE,Samoana,inflata
17078,Phrynomedusa fimbriata,ANIMALIA,CHORDATA,AMPHIBIA,ANURA,PHYLLOMEDUSIDAE,Phrynomedusa,fimbriata
17120,Phyllococcus oahuensis,ANIMALIA,ARTHROPODA,INSECTA,HEMIPTERA,PSEUDOCOCCIDAE,Phyllococcus,oahuensis
17240,Physella microstriata,ANIMALIA,MOLLUSCA,GASTROPODA,HYGROPHILA,PHYSIDAE,Physella,microstriata
173001,Cyclura onchiopsis,ANIMALIA,CHORDATA,REPTILIA,SQUAMATA,IGUANIDAE,Cyclura,onchiopsis
17449,Placostylus cuniculinsulae,ANIMALIA,MOLLUSCA,GASTROPODA,STYLOMMATOPHORA,ORTHALICIDAE,Placostylus,cuniculinsulae
17480,Planorbella multivolvis,ANIMALIA,MOLLUSCA,GASTROPODA,HYGROPHILA,PLANORBIDAE,Planorbella,multivolvis
17672,Pleurobema altum,ANIMALIA,MOLLUSCA,BIVALVIA,UNIONOIDA,UNIONIDAE,Pleurobema,altum
17673,Pleurobema avellanum,ANIMALIA,MOLLUSCA,BIVALVIA,UNIONOIDA,UNIONIDAE,Pleurobema,avellanum
17675,Pleurobema bournianum,ANIMALIA,MOLLUSCA,BIVALVIA,UNIONOIDA,UNIONIDAE,Pleurobema,bournianum
17680,Pleurobema flavidulum,ANIMALIA,MOLLUSCA,BIVALVIA,UNIONOIDA,UNIONIDAE,Pleurobema,flavidulum
17684,Pleurobema hagleri,ANIMALIA,MOLLUSCA,BIVALVIA,UNIONOIDA,UNIONIDAE,Pleurobema,hagleri
17686,Pleurobema johannis,ANIMALIA,MOLLUSCA,BIVALVIA,UNIONOIDA,UNIONIDAE,Pleurobema,johannis
17687,Pleurobema murrayense,ANIMALIA,MOLLUSCA,BIVALVIA,UNIONOIDA,UNIONIDAE,Pleurobema,murrayense
17688,Pleurobema nucleopsis,ANIMALIA,MOLLUSCA,BIVALVIA,UNIONOIDA,UNIONIDAE,Pleurobema,nucleopsis
17694,Pleurobema troschelianum,ANIMALIA,MOLLUSCA,BIVALVIA,UNIONOIDA,UNIONIDAE,Pleurobema,troschelianum
17695,Pleurobema verum,ANIMALIA,MOLLUSCA,BIVALVIA,UNIONOIDA,UNIONIDAE,Pleurobema,verum
17708,Pleurodonte desidens,ANIMALIA,MOLLUSCA,GASTROPODA,STYLOMMATOPHORA,CAMAENIDAE,Pleurodonte,desidens
18090,Posticobia norfolkensis,ANIMALIA,MOLLUSCA,GASTROPODA,LITTORINIMORPHA,TATEIDAE,Posticobia,norfolkensis
180996,Platytropius siamensis,ANIMALIA,CHORDATA,ACTINOPTERYGII,SILURIFORMES,HORABAGRIDAE,Platytropius,siamensis
184497,Pseudamnicola latasteana,ANIMALIA,MOLLUSCA,GASTROPODA,LITTORINIMORPHA,HYDROBIIDAE,Pseudamnicola,latasteana
184510,Chambardia letourneuxi,ANIMALIA,MOLLUSCA,BIVALVIA,UNIONOIDA,IRIDINIDAE,Chambardia,letourneuxi
184511,Bythinella mauritanica,ANIMALIA,MOLLUSCA,GASTROPODA,LITTORINIMORPHA,BYTHINELLIDAE,Bythinella,mauritanica
184524,Pseudamnicola desertorum,ANIMALIA,MOLLUSCA,GASTROPODA,LITTORINIMORPHA,HYDROBIIDAE,Pseudamnicola,desertorum
184558,Pseudamnicola oudrefica,ANIMALIA,MOLLUSCA,GASTROPODA,LITTORINIMORPHA,HYDROBIIDAE,Pseudamnicola,oudrefica
184605,Hydrobia gracilis,ANIMALIA,MOLLUSCA,GASTROPODA,LITTORINIMORPHA,HYDROBIIDAE,Hydrobia,gracilis
184612,Pseudamnicola singularis,ANIMALIA,MOLLUSCA,GASTROPODA,LITTORINIMORPHA,HYDROBIIDAE,Pseudamnicola,singularis
184618,Pseudamnicola barratei,ANIMALIA,MOLLUSCA,GASTROPODA,LITTORINIMORPHA,HYDROBIIDAE,Pseudamnicola,barratei
184705,Bythinella microcochlia,ANIMALIA,MOLLUSCA,GASTROPODA,LITTORINIMORPHA,BYTHINELLIDAE,Bythinella,microcochlia
184731,Pseudamnicola ragia,ANIMALIA,MOLLUSCA,GASTROPODA,LITTORINIMORPHA,HYDROBIIDAE,Pseudamnicola,ragia
184739,Bythinella limnopsis,ANIMALIA,MOLLUSCA,GASTROPODA,LITTORINIMORPHA,BYTHINELLIDAE,Bythinella,limnopsis
184742,Pseudamnicola globulina,ANIMALIA,MOLLUSCA,GASTROPODA,LITTORINIMORPHA,HYDROBIIDAE,Pseudamnicola,globulina
184749,Mercuria letourneuxiana,ANIMALIA,MOLLUSCA,GASTROPODA,LITTORINIMORPHA,HYDROBIIDAE,Mercuria,letourneuxiana
184753,Pseudamnicola doumeti,ANIMALIA,MOLLUSCA,GASTROPODA,LITTORINIMORPHA,HYDROBIIDAE,Pseudamnicola,doumeti
18912,Pupilla obliquicosta,ANIMALIA,MOLLUSCA,GASTROPODA,STYLOMMATOPHORA,PUPILLIDAE,Pupilla,obliquicosta
18979,Marstonia olivacea,ANIMALIA,MOLLUSCA,GASTROPODA,LITTORINIMORPHA,HYDROBIIDAE,Marstonia,olivacea
19057,Quintalia flosculus,ANIMALIA,MOLLUSCA,GASTROPODA,STYLOMMATOPHORA,HELICARIONIDAE,Quintalia,flosculus
19058,Quintalia stoddartii,ANIMALIA,MOLLUSCA,GASTROPODA,STYLOMMATOPHORA,HELICARIONIDAE,Quintalia,stoddartii
19148,Lithobates fisheri,ANIMALIA,CHORDATA,AMPHIBIA,ANURA,RANIDAE,Lithobates,fisheri
191546,Vernonia sechellensis,PLANTAE,TRACHEOPHYTA,MAGNOLIOPSIDA,ASTERALES,ASTERACEAE,Vernonia,sechellensis
193438,Oeceoclades seychellarum,PLANTAE,TRACHEOPHYTA,LILIOPSIDA,ASPARAGALES,ORCHIDACEAE,Oeceoclades,seychellarum
19440,Rhachis comorensis,ANIMALIA,MOLLUSCA,GASTROPODA,STYLOMMATOPHORA,CERASTIDAE,Rhachis,comorensis
19441,Rhachis sanguineus,ANIMALIA,MOLLUSCA,GASTROPODA,STYLOMMATOPHORA,CERASTIDAE,Rhachis,sanguineus
19460,Rhantus novacaledoniae,ANIMALIA,ARTHROPODA,INSECTA,COLEOPTERA,DYTISCIDAE,Rhantus,novacaledoniae
19461,Rhantus orbignyi,ANIMALIA,ARTHROPODA,INSECTA,COLEOPTERA,DYTISCIDAE,Rhantus,orbignyi
19462,Rhantus papuanus,ANIMALIA,ARTHROPODA,INSECTA,COLEOPTERA,DYTISCIDAE,Rhantus,papuanus
19475,Rheobatrachus silus,ANIMALIA,CHORDATA,AMPHIBIA,ANURA,MYOBATRACHIDAE,Rheobatrachus,silus
19476,Rheobatrachus vitellinus,ANIMALIA,CHORDATA,AMPHIBIA,ANURA,MYOBATRACHIDAE,Rheobatrachus,vitellinus
19695,Rhyacophila amabilis,ANIMALIA,ARTHROPODA,INSECTA,TRICHOPTERA,RHYACOPHILIDAE,Rhyacophila,amabilis
19741,Romankenkius pedderensis,ANIMALIA,PLATYHELMINTHES,TURBELLARIA,TRICLADIDA,DUGESIIDAE,Romankenkius,pedderensis
19873,Salvelinus agassizii,ANIMALIA,CHORDATA,ACTINOPTERYGII,SALMONIFORMES,SALMONIDAE,Salvelinus,agassizii
199838,Pennatomys nivalis,ANIMALIA,CHORDATA,MAMMALIA,RODENTIA,CRICETIDAE,Pennatomys,nivalis
20074,Scotorythra megalophylla,ANIMALIA,ARTHROPODA,INSECTA,LEPIDOPTERA,GEOMETRIDAE,Scotorythra,megalophylla
20075,Scotorythra nesiotes,ANIMALIA,ARTHROPODA,INSECTA,LEPIDOPTERA,GEOMETRIDAE,Scotorythra,nesiotes
20207,Siettitia balsetensis,ANIMALIA,ARTHROPODA,INSECTA,COLEOPTERA,DYTISCIDAE,Siettitia,balsetensis
20257,Sinployea canalis,ANIMALIA,MOLLUSCA,GASTROPODA,STYLOMMATOPHORA,CHAROPIDAE,Sinployea,canalis
20258,Sinployea decorticata,ANIMALIA,MOLLUSCA,GASTROPODA,STYLOMMATOPHORA,CHAROPIDAE,Sinployea,decorticata
20259,Sinployea harveyensis,ANIMALIA,MOLLUSCA,GASTROPODA,STYLOMMATOPHORA,CHAROPIDAE,Sinployea,harveyensis
20260,Sinployea otareae,ANIMALIA,MOLLUSCA,GASTROPODA,STYLOMMATOPHORA,CHAROPIDAE,Sinployea,otareae
20261,Sinployea planospira,ANIMALIA,MOLLUSCA,GASTROPODA,STYLOMMATOPHORA,CHAROPIDAE,Sinployea,planospira
20262,Sinployea proxima,ANIMALIA,MOLLUSCA,GASTROPODA,STYLOMMATOPHORA,CHAROPIDAE,Sinployea,proxima
20263,Sinployea rudis,ANIMALIA,MOLLUSCA,GASTROPODA,STYLOMMATOPHORA,CHAROPIDAE,Sinployea,rudis
20264,Sinployea tenuicostata,ANIMALIA,MOLLUSCA,GASTROPODA,STYLOMMATOPHORA,CHAROPIDAE,Sinployea,tenuicostata
20265,Sinployea youngi,ANIMALIA,MOLLUSCA,GASTROPODA,STYLOMMATOPHORA,CHAROPIDAE,Sinployea,youngi
20350,Somatogyrus amnicoloides,ANIMALIA,MOLLUSCA,GASTROPODA,LITTORINIMORPHA,LITHOGLYPHIDAE,Somatogyrus,amnicoloides
20355,Somatogyrus crassilabris,ANIMALIA,MOLLUSCA,GASTROPODA,LITTORINIMORPHA,LITHOGLYPHIDAE,Somatogyrus,crassilabris
20370,Somatogyrus wheeleri,ANIMALIA,MOLLUSCA,GASTROPODA,LITTORINIMORPHA,LITHOGLYPHIDAE,Somatogyrus,wheeleri
20867,Stonemyia velutina,ANIMALIA,ARTHROPODA,INSECTA,DIPTERA,TABANIDAE,Stonemyia,velutina
20995,Stygobromus lucifugus,ANIMALIA,ARTHROPODA,MALACOSTRACA,AMPHIPODA,CRANGONYCTIDAE,Stygobromus,lucifugus
21338,Taipidon anceyana,ANIMALIA,MOLLUSCA,GASTROPODA,STYLOMMATOPHORA,CHAROPIDAE,Taipidon,anceyana
21339,Taipidon marquesana,ANIMALIA,MOLLUSCA,GASTROPODA,STYLOMMATOPHORA,CHAROPIDAE,Taipidon,marquesana
21340,Taipidon octolamellata,ANIMALIA,MOLLUSCA,GASTROPODA,STYLOMMATOPHORA,CHAROPIDAE,Taipidon,octolamellata
21530,Taudactylus diurnus,ANIMALIA,CHORDATA,AMPHIBIA,ANURA,MYOBATRACHIDAE,Taudactylus,diurnus
21718,Thaumatodon multilamellata,ANIMALIA,MOLLUSCA,GASTROPODA,STYLOMMATOPHORA,ENDODONTIDAE,Thaumatodon,multilamellata
21920,Tischeria perplexa,ANIMALIA,ARTHROPODA,INSECTA,LEPIDOPTERA,TISCHERIIDAE,Tischeria,perplexa
21996,Tornelasmias capricorni,ANIMALIA,MOLLUSCA,GASTROPODA,STYLOMMATOPHORA,ACHATINELLIDAE,Tornelasmias,capricorni
22087,Triaenodes phalacris,ANIMALIA,ARTHROPODA,INSECTA,TRICHOPTERA,LEPTOCERIDAE,Triaenodes,phalacris
22209,Tritocleis microphylla,ANIMALIA,ARTHROPODA,INSECTA,LEPIDOPTERA,GEOMETRIDAE,Tritocleis,microphylla
22248,Xerocrassa picardi,ANIMALIA,MOLLUSCA,GASTROPODA,STYLOMMATOPHORA,GEOMITRIDAE,Xerocrassa,picardi
22342,Tropidophora desmazuresi,ANIMALIA,MOLLUSCA,GASTROPODA,LITTORINIMORPHA,POMATIIDAE,Tropidophora,desmazuresi
22343,Tropidophora semilineata,ANIMALIA,MOLLUSCA,GASTROPODA,LITTORINIMORPHA,POMATIIDAE,Tropidophora,semilineata
22379,Tropodiaptomus ctenopus,ANIMALIA,ARTHROPODA,MAXILLOPODA,CALANOIDA,DIAPTOMIDAE,Tropodiaptomus,ctenopus
22740,Unio cariei,ANIMALIA,MOLLUSCA,BIVALVIA,UNIONOIDA,UNIONIDAE,Unio,cariei
23033,Vitrinula chaunax,ANIMALIA,MOLLUSCA,GASTROPODA,STYLOMMATOPHORA,ARIOPHANTIDAE,Vitrinula,chaunax
23034,Vitrinula chichijimana,ANIMALIA,MOLLUSCA,GASTROPODA,STYLOMMATOPHORA,ARIOPHANTIDAE,Vitrinula,chichijimana
23035,Vitrinula hahajimana,ANIMALIA,MOLLUSCA,GASTROPODA,STYLOMMATOPHORA,ARIOPHANTIDAE,Vitrinula,hahajimana
2411,Auriculella expansa,ANIMALIA,MOLLUSCA,GASTROPODA,STYLOMMATOPHORA,ACHATINELLIDAE,Auriculella,expansa
2412,Auriculella uniplicata,ANIMALIA,MOLLUSCA,GASTROPODA,STYLOMMATOPHORA,ACHATINELLIDAE,Auriculella,uniplicata
2733,Belgrandiella intermedia,ANIMALIA,MOLLUSCA,GASTROPODA,LITTORINIMORPHA,HYDROBIIDAE,Belgrandiella,intermedia
29488,Plethodon ainsworthi,ANIMALIA,CHORDATA,AMPHIBIA,CAUDATA,PLETHODONTIDAE,Plethodon,ainsworthi
29614,Pseudohelenoconcha spurca,ANIMALIA,MOLLUSCA,GASTROPODA,STYLOMMATOPHORA,ENDODONTIDAE,Pseudohelenoconcha,spurca
29615,Tomigerus gibberulus,ANIMALIA,MOLLUSCA,GASTROPODA,STYLOMMATOPHORA,ORTHALICIDAE,Tomigerus,gibberulus
29616,Tomigerus turbinatus,ANIMALIA,MOLLUSCA,GASTROPODA,STYLOMMATOPHORA,ORTHALICIDAE,Tomigerus,turbinatus
30397,Hibiscadelphus wilderianus,PLANTAE,TRACHEOPHYTA,MAGNOLIOPSIDA,MALVALES,MALVACEAE,Hibiscadelphus,wilderianus
30406,Santalum fernandezianum,PLANTAE,TRACHEOPHYTA,MAGNOLIOPSIDA,SANTALALES,SANTALACEAE,Santalum,fernandezianum
30527,Casearia tinifolia,PLANTAE,TRACHEOPHYTA,MAGNOLIOPSIDA,MALPIGHIALES,SALICACEAE,Casearia,tinifolia
30774,Hibiscadelphus bombycinus,PLANTAE,TRACHEOPHYTA,MAGNOLIOPSIDA,MALVALES,MALVACEAE,Hibiscadelphus,bombycinus
30777,Kokia lanceolata,PLANTAE,TRACHEOPHYTA,MAGNOLIOPSIDA,MALVALES,MALVACEAE,Kokia,lanceolata
30919,Cyanea giffardii,PLANTAE,TRACHEOPHYTA,MAGNOLIOPSIDA,ASTERALES,CAMPANULACEAE,Cyanea,giffardii
30921,Cyanea pycnocarpa,PLANTAE,TRACHEOPHYTA,MAGNOLIOPSIDA,ASTERALES,CAMPANULACEAE,Cyanea,pycnocarpa
31011,Stenocarpus dumbeensis,PLANTAE,TRACHEOPHYTA,MAGNOLIOPSIDA,PROTEALES,PROTEACEAE,Stenocarpus,dumbeensis
31036,Weinmannia spiraeoides,PLANTAE,TRACHEOPHYTA,MAGNOLIOPSIDA,OXALIDALES,CUNONIACEAE,Weinmannia,spiraeoides
31311,Xanthostemon sebertii,PLANTAE,TRACHEOPHYTA,MAGNOLIOPSIDA,MYRTALES,MYRTACEAE,Xanthostemon,sebertii
31636,Cnidoscolus fragrans,PLANTAE,TRACHEOPHYTA,MAGNOLIOPSIDA,MALPIGHIALES,EUPHORBIACEAE,Cnidoscolus,fragrans
18290783,Argocoffeopsis lemblinii,PLANTAE,TRACHEOPHYTA,MAGNOLIOPSIDA,GENTIANALES,RUBIACEAE,Argocoffeopsis,lemblinii
32226,Byttneria ivorensis,PLANTAE,TRACHEOPHYTA,MAGNOLIOPSIDA,MALVALES,MALVACEAE,Byttneria,ivorensis
32433,Ormosia howii,PLANTAE,TRACHEOPHYTA,MAGNOLIOPSIDA,FABALES,FABACEAE,Ormosia,howii
32434,Otophora unilocularis,PLANTAE,TRACHEOPHYTA,MAGNOLIOPSIDA,SAPINDALES,SAPINDACEAE,Otophora,unilocularis
32923,Sterculia khasiana,PLANTAE,TRACHEOPHYTA,MAGNOLIOPSIDA,MALVALES,MALVACEAE,Sterculia,khasiana
33469,Hopea shingkeng,PLANTAE,TRACHEOPHYTA,MAGNOLIOPSIDA,MALVALES,DIPTEROCARPACEAE,Hopea,shingkeng
33554,Cyanea pohaku,PLANTAE,TRACHEOPHYTA,MAGNOLIOPSIDA,ASTERALES,CAMPANULACEAE,Cyanea,pohaku
33556,Hibiscadelphus crucibracteatus,PLANTAE,TRACHEOPHYTA,MAGNOLIOPSIDA,MALVALES,MALVACEAE,Hibiscadelphus,crucibracteatus
33660,Ilex ternatiflora,PLANTAE,TRACHEOPHYTA,MAGNOLIOPSIDA,AQUIFOLIALES,AQUIFOLIACEAE,Ilex,ternatiflora
33673,Melicope obovata,PLANTAE,TRACHEOPHYTA,MAGNOLIOPSIDA,SAPINDALES,RUTACEAE,Melicope,obovata
33796,Myrcia skeldingii,PLANTAE,TRACHEOPHYTA,MAGNOLIOPSIDA,MYRTALES,MYRTACEAE,Myrcia,skeldingii
34005,Cyanea arborea,PLANTAE,TRACHEOPHYTA,MAGNOLIOPSIDA,ASTERALES,CAMPANULACEAE,Cyanea,arborea
34035,Cyanea quercifolia,PLANTAE,TRACHEOPHYTA,MAGNOLIOPSIDA,ASTERALES,CAMPANULACEAE,Cyanea,quercifolia
35036,Cupaniopsis crassivalvis,PLANTAE,TRACHEOPHYTA,MAGNOLIOPSIDA,SAPINDALES,SAPINDACEAE,Cupaniopsis,crassivalvis
3523,Caldwellia philyrina,ANIMALIA,MOLLUSCA,GASTROPODA,STYLOMMATOPHORA,EUCONULIDAE,Caldwellia,philyrina
35379,Chrysophyllum januariense,PLANTAE,TRACHEOPHYTA,MAGNOLIOPSIDA,ERICALES,SAPOTACEAE,Chrysophyllum,januariense
35330,Campomanesia lundiana,PLANTAE,TRACHEOPHYTA,MAGNOLIOPSIDA,MYRTALES,MYRTACEAE,Campomanesia,lundiana
35350,Casearia quinduensis,PLANTAE,TRACHEOPHYTA,MAGNOLIOPSIDA,MALPIGHIALES,SALICACEAE,Casearia,quinduensis
35903,Pouteria stenophylla,PLANTAE,TRACHEOPHYTA,MAGNOLIOPSIDA,ERICALES,SAPOTACEAE,Pouteria,stenophylla
35920,Pradosia glaziovii,PLANTAE,TRACHEOPHYTA,MAGNOLIOPSIDA,ERICALES,SAPOTACEAE,Pradosia,glaziovii
35926,Pradosia mutisii,PLANTAE,TRACHEOPHYTA,MAGNOLIOPSIDA,ERICALES,SAPOTACEAE,Pradosia,mutisii
36157,Pausinystalia brachythyrsum,PLANTAE,TRACHEOPHYTA,MAGNOLIOPSIDA,GENTIANALES,RUBIACEAE,Pausinystalia,brachythyrsum
3719,Campsicnemus mirabilis,ANIMALIA,ARTHROPODA,INSECTA,DIPTERA,DOLICHOPODIDAE,Campsicnemus,mirabilis
3714,Campolaemus perexilis,ANIMALIA,MOLLUSCA,GASTROPODA,STYLOMMATOPHORA,VERTIGINIDAE,Campolaemus,perexilis
37958,Gomidesia cambessedeana,PLANTAE,TRACHEOPHYTA,MAGNOLIOPSIDA,MYRTALES,MYRTACEAE,Gomidesia,cambessedeana
37904,Psidium dumetorum,PLANTAE,TRACHEOPHYTA,MAGNOLIOPSIDA,MYRTALES,MYRTACEAE,Psidium,dumetorum
37924,Fitchia mangarevensis,PLANTAE,TRACHEOPHYTA,MAGNOLIOPSIDA,ASTERALES,ASTERACEAE,Fitchia,mangarevensis
3878,Carelia cumingiana,ANIMALIA,MOLLUSCA,GASTROPODA,STYLOMMATOPHORA,AMASTRIDAE,Carelia,cumingiana
3879,Carelia dolei,ANIMALIA,MOLLUSCA,GASTROPODA,STYLOMMATOPHORA,AMASTRIDAE,Carelia,dolei
3875,Carelia anceophila,ANIMALIA,MOLLUSCA,GASTROPODA,STYLOMMATOPHORA,AMASTRIDAE,Carelia,anceophila
3876,Carelia bicolor,ANIMALIA,MOLLUSCA,GASTROPODA,STYLOMMATOPHORA,AMASTRIDAE,Carelia,bicolor
3877,Carelia cochlea,ANIMALIA,MOLLUSCA,GASTROPODA,STYLOMMATOPHORA,AMASTRIDAE,Carelia,cochlea
3880,Carelia evelynae,ANIMALIA,MOLLUSCA,GASTROPODA,STYLOMMATOPHORA,AMASTRIDAE,Carelia,evelynae
3886,Carelia lymani,ANIMALIA,MOLLUSCA,GASTROPODA,STYLOMMATOPHORA,AMASTRIDAE,Carelia,lymani
3881,Carelia glossema,ANIMALIA,MOLLUSCA,GASTROPODA,STYLOMMATOPHORA,AMASTRIDAE,Carelia,glossema
3888,Carelia necra,ANIMALIA,MOLLUSCA,GASTROPODA,STYLOMMATOPHORA,AMASTRIDAE,Carelia,necra
3882,Carelia hyattiana,ANIMALIA,MOLLUSCA,GASTROPODA,STYLOMMATOPHORA,AMASTRIDAE,Carelia,hyattiana
3889,Carelia olivacea,ANIMALIA,MOLLUSCA,GASTROPODA,STYLOMMATOPHORA,AMASTRIDAE,Carelia,olivacea
3883,Carelia kalalauensis,ANIMALIA,MOLLUSCA,GASTROPODA,STYLOMMATOPHORA,AMASTRIDAE,Carelia,kalalauensis
3884,Carelia knudseni,ANIMALIA,MOLLUSCA,GASTROPODA,STYLOMMATOPHORA,AMASTRIDAE,Carelia,knudseni
3885,Carelia lirata,ANIMALIA,MOLLUSCA,GASTROPODA,STYLOMMATOPHORA,AMASTRIDAE,Carelia,lirata
3887,Carelia mirabilis,ANIMALIA,MOLLUSCA,GASTROPODA,STYLOMMATOPHORA,AMASTRIDAE,Carelia,mirabilis
3890,Carelia paradoxa,ANIMALIA,MOLLUSCA,GASTROPODA,STYLOMMATOPHORA,AMASTRIDAE,Carelia,paradoxa
3896,Carelia turricula,ANIMALIA,MOLLUSCA,GASTROPODA,STYLOMMATOPHORA,AMASTRIDAE,Carelia,turricula
3891,Carelia periscelis,ANIMALIA,MOLLUSCA,GASTROPODA,STYLOMMATOPHORA,AMASTRIDAE,Carelia,periscelis
3892,Carelia pilsbryi,ANIMALIA,MOLLUSCA,GASTROPODA,STYLOMMATOPHORA,AMASTRIDAE,Carelia,pilsbryi
3893,Carelia sinclairi,ANIMALIA,MOLLUSCA,GASTROPODA,STYLOMMATOPHORA,AMASTRIDAE,Carelia,sinclairi
3895,Carelia tenebrosa,ANIMALIA,MOLLUSCA,GASTROPODA,STYLOMMATOPHORA,AMASTRIDAE,Carelia,tenebrosa
39179,Neomacounia nitida,PLANTAE,BRYOPHYTA,BRYOPSIDA,HYPNALES,NECKERACEAE,Neomacounia,nitida
40091,Pachnodus velutinus,ANIMALIA,MOLLUSCA,GASTROPODA,STYLOMMATOPHORA,CERASTIDAE,Pachnodus,velutinus
40046,Clappia umbilicata,ANIMALIA,MOLLUSCA,GASTROPODA,LITTORINIMORPHA,LITHOGLYPHIDAE,Clappia,umbilicata
40048,Pyrgulopsis nevadensis,ANIMALIA,MOLLUSCA,GASTROPODA,LITTORINIMORPHA,HYDROBIIDAE,Pyrgulopsis,nevadensis
40053,Somatogyrus alcoviensis,ANIMALIA,MOLLUSCA,GASTROPODA,LITTORINIMORPHA,LITHOGLYPHIDAE,Somatogyrus,alcoviensis
40100,Elimia gibbera,ANIMALIA,MOLLUSCA,GASTROPODA,SORBEOCONCHA,PLEUROCERIDAE,Elimia,gibbera
40101,Elimia lachryma,ANIMALIA,MOLLUSCA,GASTROPODA,SORBEOCONCHA,PLEUROCERIDAE,Elimia,lachryma
40102,Elimia macglameriana,ANIMALIA,MOLLUSCA,GASTROPODA,SORBEOCONCHA,PLEUROCERIDAE,Elimia,macglameriana
40726,Pentagenia robusta,ANIMALIA,ARTHROPODA,INSECTA,EPHEMEROPTERA,EPHEMERIDAE,Pentagenia,robusta
41027,Graecoanatolica macedonica,ANIMALIA,MOLLUSCA,GASTROPODA,LITTORINIMORPHA,HYDROBIIDAE,Graecoanatolica,macedonica
41213,Megalobulimus cardosoi,ANIMALIA,MOLLUSCA,GASTROPODA,STYLOMMATOPHORA,STROPHOCHEILIDAE,Megalobulimus,cardosoi
41254,Hypolimnus pedderensis,ANIMALIA,ANNELIDA,CLITELLATA,MEGADRILACEAE,MEGASCOLECIDAE,Hypolimnus,pedderensis
43993,Vanvoorstia bennettiana,PLANTAE,RHODOPHYTA,FLORIDEOPHYCEAE,CERAMIALES,DELESSERIACEAE,Vanvoorstia,bennettiana
44074,Achyranthes atollensis,PLANTAE,TRACHEOPHYTA,MAGNOLIOPSIDA,CARYOPHYLLALES,AMARANTHACEAE,Achyranthes,atollensis
44078,Argyroxiphium virescens,PLANTAE,TRACHEOPHYTA,MAGNOLIOPSIDA,ASTERALES,ASTERACEAE,Argyroxiphium,virescens
44093,Cyanea cylindrocalyx,PLANTAE,TRACHEOPHYTA,MAGNOLIOPSIDA,ASTERALES,CAMPANULACEAE,Cyanea,cylindrocalyx
44101,Cyanea comata,PLANTAE,TRACHEOPHYTA,MAGNOLIOPSIDA,ASTERALES,CAMPANULACEAE,Cyanea,comata
44126,Clermontia multiflora,PLANTAE,TRACHEOPHYTA,MAGNOLIOPSIDA,ASTERALES,CAMPANULACEAE,Clermontia,multiflora
44867,Psiadia schweinfurthii,PLANTAE,TRACHEOPHYTA,MAGNOLIOPSIDA,ASTERALES,ASTERACEAE,Psiadia,schweinfurthii
44850,Pluchea glutinosa,PLANTAE,TRACHEOPHYTA,MAGNOLIOPSIDA,ASTERALES,ASTERACEAE,Pluchea,glutinosa
45081,Valerianella affinis,PLANTAE,TRACHEOPHYTA,MAGNOLIOPSIDA,DIPSACALES,CAPRIFOLIACEAE,Valerianella,affinis
4636,Chilonopsis exulatus,ANIMALIA,MOLLUSCA,GASTROPODA,STYLOMMATOPHORA,SUBULINIDAE,Chilonopsis,exulatus
4638,Chilonopsis melanoides,ANIMALIA,MOLLUSCA,GASTROPODA,STYLOMMATOPHORA,SUBULINIDAE,Chilonopsis,melanoides
4635,Chilonopsis blofeldi,ANIMALIA,MOLLUSCA,GASTROPODA,STYLOMMATOPHORA,SUBULINIDAE,Chilonopsis,blofeldi
4637,Chilonopsis helena,ANIMALIA,MOLLUSCA,GASTROPODA,STYLOMMATOPHORA,SUBULINIDAE,Chilonopsis,helena
4640,Chilonopsis subplicatus,ANIMALIA,MOLLUSCA,GASTROPODA,STYLOMMATOPHORA,SUBULINIDAE,Chilonopsis,subplicatus
4641,Chilonopsis subtruncatus,ANIMALIA,MOLLUSCA,GASTROPODA,STYLOMMATOPHORA,SUBULINIDAE,Chilonopsis,subtruncatus
4642,Chilonopsis turtoni,ANIMALIA,MOLLUSCA,GASTROPODA,STYLOMMATOPHORA,SUBULINIDAE,Chilonopsis,turtoni
46603,Adiantum lianxianense,PLANTAE,TRACHEOPHYTA,POLYPODIOPSIDA,POLYPODIALES,PTERIDACEAE,Adiantum,lianxianense
4955,Clappia cahabensis,ANIMALIA,MOLLUSCA,GASTROPODA,LITTORINIMORPHA,LITHOGLYPHIDAE,Clappia,cahabensis
4961,Clavicoccus erinaceus,ANIMALIA,ARTHROPODA,INSECTA,HEMIPTERA,PSEUDOCOCCIDAE,Clavicoccus,erinaceus
5111,Coleophora leucochrysella,ANIMALIA,ARTHROPODA,INSECTA,LEPIDOPTERA,COLEOPHORIDAE,Coleophora,leucochrysella
5119,Collisella edmitchelli,ANIMALIA,MOLLUSCA,GASTROPODA,PATELLIDA,NACELLIDAE,Collisella,edmitchelli
5166,Colparion madgei,ANIMALIA,MOLLUSCA,GASTROPODA,STYLOMMATOPHORA,HELICARIONIDAE,Colparion,madgei
5261,Conozoa hyalina,ANIMALIA,ARTHROPODA,INSECTA,ORTHOPTERA,ACRIDIDAE,Conozoa,hyalina
5361,Coregonus alpenae,ANIMALIA,CHORDATA,ACTINOPTERYGII,SALMONIFORMES,SALMONIDAE,Coregonus,alpenae
5367,Coregonus johannae,ANIMALIA,CHORDATA,ACTINOPTERYGII,SALMONIFORMES,SALMONIDAE,Coregonus,johannae
5371,Coregonus nigripinnis,ANIMALIA,CHORDATA,ACTINOPTERYGII,SALMONIFORMES,SALMONIDAE,Coregonus,nigripinnis
5380,Coregonus oxyrinchus,ANIMALIA,CHORDATA,ACTINOPTERYGII,SALMONIFORMES,SALMONIDAE,Coregonus,oxyrinchus
54522,Atelopus longirostris,ANIMALIA,CHORDATA,AMPHIBIA,ANURA,BUFONIDAE,Atelopus,longirostris
5794,Ctenoglypta newtoni,ANIMALIA,MOLLUSCA,GASTROPODA,STYLOMMATOPHORA,EUCONULIDAE,Ctenoglypta,newtoni
6020,Cyclophorus horridulum,ANIMALIA,MOLLUSCA,GASTROPODA,ARCHITAENIOGLOSSA,CYCLOPHORIDAE,Cyclophorus,horridulum
6025,Cyclosurus mariei,ANIMALIA,MOLLUSCA,GASTROPODA,ARCHITAENIOGLOSSA,CYCLOPHORIDAE,Cyclosurus,mariei
6061,Cylindraspis indica,ANIMALIA,CHORDATA,REPTILIA,TESTUDINES,TESTUDINIDAE,Cylindraspis,indica
6062,Cylindraspis inepta,ANIMALIA,CHORDATA,REPTILIA,TESTUDINES,TESTUDINIDAE,Cylindraspis,inepta
6063,Cylindraspis peltastes,ANIMALIA,CHORDATA,REPTILIA,TESTUDINES,TESTUDINIDAE,Cylindraspis,peltastes
6064,Cylindraspis triserrata,ANIMALIA,CHORDATA,REPTILIA,TESTUDINES,TESTUDINIDAE,Cylindraspis,triserrata
6065,Cylindraspis vosmaeri,ANIMALIA,CHORDATA,REPTILIA,TESTUDINES,TESTUDINIDAE,Cylindraspis,vosmaeri
60792,Tristramella intermedia,ANIMALIA,CHORDATA,ACTINOPTERYGII,PERCIFORMES,CICHLIDAE,Tristramella,intermedia
61190,Salmo pallaryi,ANIMALIA,CHORDATA,ACTINOPTERYGII,SALMONIFORMES,SALMONIDAE,Salmo,pallaryi
61225,Aplocheilichthys sp. nov. 'Naivasha',ANIMALIA,CHORDATA,ACTINOPTERYGII,CYPRINODONTIFORMES,POECILIIDAE,Aplocheilichthys,sp. nov. 'Naivasha'
61394,Telestes ukliva,ANIMALIA,CHORDATA,ACTINOPTERYGII,CYPRINIFORMES,CYPRINIDAE,Telestes,ukliva
61345,Chondrostoma scodrense,ANIMALIA,CHORDATA,ACTINOPTERYGII,CYPRINIFORMES,CYPRINIDAE,Chondrostoma,scodrense
61365,Tristramella magdelainae,ANIMALIA,CHORDATA,ACTINOPTERYGII,PERCIFORMES,CICHLIDAE,Tristramella,magdelainae
61652,Astragalus nitidiflorus,PLANTAE,TRACHEOPHYTA,MAGNOLIOPSIDA,FABALES,FABACEAE,Astragalus,nitidiflorus
6179,Cyprinus yilongensis,ANIMALIA,CHORDATA,ACTINOPTERYGII,CYPRINIFORMES,CYPRINIDAE,Cyprinus,yilongensis
63545,Begonia eiromischa,PLANTAE,TRACHEOPHYTA,MAGNOLIOPSIDA,CUCURBITALES,BEGONIACEAE,Begonia,eiromischa
6523,Diastole matafaoi,ANIMALIA,MOLLUSCA,GASTROPODA,STYLOMMATOPHORA,HELICARIONIDAE,Diastole,matafaoi
6844,Drosophila lanaiensis,ANIMALIA,ARTHROPODA,INSECTA,DIPTERA,DROSOPHILIDAE,Drosophila,lanaiensis
6917,Dupontia proletaria,ANIMALIA,MOLLUSCA,GASTROPODA,STYLOMMATOPHORA,EUCONULIDAE,Dupontia,proletaria
7584,Elimia brevis,ANIMALIA,MOLLUSCA,GASTROPODA,SORBEOCONCHA,PLEUROCERIDAE,Elimia,brevis
7587,Elimia vanuxemiana,ANIMALIA,MOLLUSCA,GASTROPODA,SORBEOCONCHA,PLEUROCERIDAE,Elimia,vanuxemiana
7591,Elimia hartmaniana,ANIMALIA,MOLLUSCA,GASTROPODA,SORBEOCONCHA,PLEUROCERIDAE,Elimia,hartmaniana
7592,Elimia impressa,ANIMALIA,MOLLUSCA,GASTROPODA,SORBEOCONCHA,PLEUROCERIDAE,Elimia,impressa
7594,Elimia laeta,ANIMALIA,MOLLUSCA,GASTROPODA,SORBEOCONCHA,PLEUROCERIDAE,Elimia,laeta
7596,Elimia pupaeformis,ANIMALIA,MOLLUSCA,GASTROPODA,SORBEOCONCHA,PLEUROCERIDAE,Elimia,pupaeformis
7597,Elimia pygmaea,ANIMALIA,MOLLUSCA,GASTROPODA,SORBEOCONCHA,PLEUROCERIDAE,Elimia,pygmaea
7863,Epioblasma arcaeformis,ANIMALIA,MOLLUSCA,BIVALVIA,UNIONOIDA,UNIONIDAE,Epioblasma,arcaeformis
7864,Epioblasma biemarginata,ANIMALIA,MOLLUSCA,BIVALVIA,UNIONOIDA,UNIONIDAE,Epioblasma,biemarginata
7868,Epioblasma flexuosa,ANIMALIA,MOLLUSCA,BIVALVIA,UNIONOIDA,UNIONIDAE,Epioblasma,flexuosa
7872,Epioblasma haysiana,ANIMALIA,MOLLUSCA,BIVALVIA,UNIONOIDA,UNIONIDAE,Epioblasma,haysiana
7874,Epioblasma lenior,ANIMALIA,MOLLUSCA,BIVALVIA,UNIONOIDA,UNIONIDAE,Epioblasma,lenior
7879,Epioblasma personata,ANIMALIA,MOLLUSCA,BIVALVIA,UNIONOIDA,UNIONIDAE,Epioblasma,personata
7880,Epioblasma propinqua,ANIMALIA,MOLLUSCA,BIVALVIA,UNIONOIDA,UNIONIDAE,Epioblasma,propinqua
7881,Epioblasma sampsonii,ANIMALIA,MOLLUSCA,BIVALVIA,UNIONOIDA,UNIONIDAE,Epioblasma,sampsonii
7890,Epioblasma turgidula,ANIMALIA,MOLLUSCA,BIVALVIA,UNIONOIDA,UNIONIDAE,Epioblasma,turgidula
7892,Epioblasma lewisii,ANIMALIA,MOLLUSCA,BIVALVIA,UNIONOIDA,UNIONIDAE,Epioblasma,lewisii
7895,Epioblasma stewardsonii,ANIMALIA,MOLLUSCA,BIVALVIA,UNIONOIDA,UNIONIDAE,Epioblasma,stewardsonii
8000,Erepta nevilli,ANIMALIA,MOLLUSCA,GASTROPODA,STYLOMMATOPHORA,HELICARIONIDAE,Erepta,nevilli
8953,Gastrocopta chichijimana,ANIMALIA,MOLLUSCA,GASTROPODA,STYLOMMATOPHORA,VERTIGINIDAE,Gastrocopta,chichijimana
8954,Gastrocopta ogasawarana,ANIMALIA,MOLLUSCA,GASTROPODA,STYLOMMATOPHORA,VERTIGINIDAE,Gastrocopta,ogasawarana
9000,Genophantis leahi,ANIMALIA,ARTHROPODA,INSECTA,LEPIDOPTERA,PYRALIDAE,Genophantis,leahi
9179,Gibbus lyonetianus,ANIMALIA,MOLLUSCA,GASTROPODA,STYLOMMATOPHORA,STREPTAXIDAE,Gibbus,lyonetianus
9244,Glaucopsyche xerces,ANIMALIA,ARTHROPODA,INSECTA,LEPIDOPTERA,LYCAENIDAE,Glaucopsyche,xerces
9329,Gonidomus newtoni,ANIMALIA,MOLLUSCA,GASTROPODA,STYLOMMATOPHORA,STREPTAXIDAE,Gonidomus,newtoni
9392,Gonospira nevilli,ANIMALIA,MOLLUSCA,GASTROPODA,STYLOMMATOPHORA,STREPTAXIDAE,Gonospira,nevilli
9535,Gulella mayottensis,ANIMALIA,MOLLUSCA,GASTROPODA,STYLOMMATOPHORA,STREPTAXIDAE,Gulella,mayottensis
9597,Gyrotoma excisa,ANIMALIA,MOLLUSCA,GASTROPODA,SORBEOCONCHA,PLEUROCERIDAE,Gyrotoma,excisa
9598,Gyrotoma lewisii,ANIMALIA,MOLLUSCA,GASTROPODA,SORBEOCONCHA,PLEUROCERIDAE,Gyrotoma,lewisii
9599,Gyrotoma pagoda,ANIMALIA,MOLLUSCA,GASTROPODA,SORBEOCONCHA,PLEUROCERIDAE,Gyrotoma,pagoda
9600,Gyrotoma pumila,ANIMALIA,MOLLUSCA,GASTROPODA,SORBEOCONCHA,PLEUROCERIDAE,Gyrotoma,pumila
9601,Gyrotoma pyramidata,ANIMALIA,MOLLUSCA,GASTROPODA,SORBEOCONCHA,PLEUROCERIDAE,Gyrotoma,pyramidata
9602,Gyrotoma walkeri,ANIMALIA,MOLLUSCA,GASTROPODA,SORBEOCONCHA,PLEUROCERIDAE,Gyrotoma,walkeri
9700,Harmogenanina subdetecta,ANIMALIA,MOLLUSCA,GASTROPODA,STYLOMMATOPHORA,HELICARIONIDAE,Harmogenanina,subdetecta
9701,Harmogenanina linophora,ANIMALIA,MOLLUSCA,GASTROPODA,STYLOMMATOPHORA,HELICARIONIDAE,Harmogenanina,linophora
9722,Ctenochromis pectoralis,ANIMALIA,CHORDATA,ACTINOPTERYGII,PERCIFORMES,CICHLIDAE,Ctenochromis,pectoralis
9765,Helenoconcha leptalea,ANIMALIA,MOLLUSCA,GASTROPODA,STYLOMMATOPHORA,CHAROPIDAE,Helenoconcha,leptalea
9766,Helenoconcha minutissima,ANIMALIA,MOLLUSCA,GASTROPODA,STYLOMMATOPHORA,CHAROPIDAE,Helenoconcha,minutissima
9767,Helenoconcha polyodon,ANIMALIA,MOLLUSCA,GASTROPODA,STYLOMMATOPHORA,CHAROPIDAE,Helenoconcha,polyodon
9768,Helenoconcha pseustes,ANIMALIA,MOLLUSCA,GASTROPODA,STYLOMMATOPHORA,CHAROPIDAE,Helenoconcha,pseustes
9769,Helenoconcha sexdentata,ANIMALIA,MOLLUSCA,GASTROPODA,STYLOMMATOPHORA,CHAROPIDAE,Helenoconcha,sexdentata
9770,Helenodiscus bilamellata,ANIMALIA,MOLLUSCA,GASTROPODA,STYLOMMATOPHORA,CHAROPIDAE,Helenodiscus,bilamellata
9771,Helenodiscus vernoni,ANIMALIA,MOLLUSCA,GASTROPODA,STYLOMMATOPHORA,CHAROPIDAE,Helenodiscus,vernoni
9808,Helicoverpa confusa,ANIMALIA,ARTHROPODA,INSECTA,LEPIDOPTERA,NOCTUIDAE,Helicoverpa,confusa
9809,Helicoverpa minuta,ANIMALIA,ARTHROPODA,INSECTA,LEPIDOPTERA,NOCTUIDAE,Helicoverpa,minuta
167,Achatinella abbreviata,ANIMALIA,MOLLUSCA,GASTROPODA,STYLOMMATOPHORA,ACHATINELLIDAE,Achatinella,abbreviata
170,Achatinella buddii,ANIMALIA,MOLLUSCA,GASTROPODA,STYLOMMATOPHORA,ACHATINELLIDAE,Achatinella,buddii
173,Achatinella caesia,ANIMALIA,MOLLUSCA,GASTROPODA,STYLOMMATOPHORA,ACHATINELLIDAE,Achatinella,caesia
174,Achatinella casta,ANIMALIA,MOLLUSCA,GASTROPODA,STYLOMMATOPHORA,ACHATINELLIDAE,Achatinella,casta
179,Achatinella decora,ANIMALIA,MOLLUSCA,GASTROPODA,STYLOMMATOPHORA,ACHATINELLIDAE,Achatinella,decora
180,Achatinella dimorpha,ANIMALIA,MOLLUSCA,GASTROPODA,STYLOMMATOPHORA,ACHATINELLIDAE,Achatinella,dimorpha
181,Achatinella elegans,ANIMALIA,MOLLUSCA,GASTROPODA,STYLOMMATOPHORA,ACHATINELLIDAE,Achatinella,elegans
184,Achatinella juddii,ANIMALIA,MOLLUSCA,GASTROPODA,STYLOMMATOPHORA,ACHATINELLIDAE,Achatinella,juddii
185,Achatinella juncea,ANIMALIA,MOLLUSCA,GASTROPODA,STYLOMMATOPHORA,ACHATINELLIDAE,Achatinella,juncea
186,Achatinella lehuiensis,ANIMALIA,MOLLUSCA,GASTROPODA,STYLOMMATOPHORA,ACHATINELLIDAE,Achatinella,lehuiensis
189,Achatinella livida,ANIMALIA,MOLLUSCA,GASTROPODA,STYLOMMATOPHORA,ACHATINELLIDAE,Achatinella,livida
192,Achatinella papyracea,ANIMALIA,MOLLUSCA,GASTROPODA,STYLOMMATOPHORA,ACHATINELLIDAE,Achatinella,papyracea
198,Achatinella spaldingi,ANIMALIA,MOLLUSCA,GASTROPODA,STYLOMMATOPHORA,ACHATINELLIDAE,Achatinella,spaldingi
202,Achatinella thaanumi,ANIMALIA,MOLLUSCA,GASTROPODA,STYLOMMATOPHORA,ACHATINELLIDAE,Achatinella,thaanumi
204,Achatinella valida,ANIMALIA,MOLLUSCA,GASTROPODA,STYLOMMATOPHORA,ACHATINELLIDAE,Achatinella,valida
524,Advena campbelli,ANIMALIA,MOLLUSCA,GASTROPODA,STYLOMMATOPHORA,HELICARIONIDAE,Advena,campbelli
611,Afrocyclops pauliani,ANIMALIA,ARTHROPODA,HEXANAUPLIA,CYCLOPOIDA,CYCLOPIDAE,Afrocyclops,pauliani
704,Agrotis crinigera,ANIMALIA,ARTHROPODA,INSECTA,LEPIDOPTERA,NOCTUIDAE,Agrotis,crinigera
705,Agrotis fasciata,ANIMALIA,ARTHROPODA,INSECTA,LEPIDOPTERA,NOCTUIDAE,Agrotis,fasciata
706,Agrotis kerri,ANIMALIA,ARTHROPODA,INSECTA,LEPIDOPTERA,NOCTUIDAE,Agrotis,kerri
707,Agrotis laysanensis,ANIMALIA,ARTHROPODA,INSECTA,LEPIDOPTERA,NOCTUIDAE,Agrotis,laysanensis
708,Agrotis photophila,ANIMALIA,ARTHROPODA,INSECTA,LEPIDOPTERA,NOCTUIDAE,Agrotis,photophila
709,Agrotis procellaris,ANIMALIA,ARTHROPODA,INSECTA,LEPIDOPTERA,NOCTUIDAE,Agrotis,procellaris
777,Alasmidonta robusta,ANIMALIA,MOLLUSCA,BIVALVIA,UNIONOIDA,UNIONIDAE,Alasmidonta,robusta
778,Alasmidonta wrightiana,ANIMALIA,MOLLUSCA,BIVALVIA,UNIONOIDA,UNIONIDAE,Alasmidonta,wrightiana
780,Alasmidonta mccordi,ANIMALIA,MOLLUSCA,BIVALVIA,UNIONOIDA,UNIONIDAE,Alasmidonta,mccordi
82,Acanthametropus pecatonica,ANIMALIA,ARTHROPODA,INSECTA,EPHEMEROPTERA,ACANTHAMETROPODIDAE,Acanthametropus,pecatonica
879,Alloperla roberti,ANIMALIA,ARTHROPODA,INSECTA,PLECOPTERA,CHLOROPERLIDAE,Alloperla,roberti
989,Amastra albolabris,ANIMALIA,MOLLUSCA,GASTROPODA,STYLOMMATOPHORA,AMASTRIDAE,Amastra,albolabris
990,Amastra cornea,ANIMALIA,MOLLUSCA,GASTROPODA,STYLOMMATOPHORA,AMASTRIDAE,Amastra,cornea
991,Amastra crassilabrum,ANIMALIA,MOLLUSCA,GASTROPODA,STYLOMMATOPHORA,AMASTRIDAE,Amastra,crassilabrum
992,Amastra elongata,ANIMALIA,MOLLUSCA,GASTROPODA,STYLOMMATOPHORA,AMASTRIDAE,Amastra,elongata
993,Amastra forbesi,ANIMALIA,MOLLUSCA,GASTROPODA,STYLOMMATOPHORA,AMASTRIDAE,Amastra,forbesi
994,Amastra pellucida,ANIMALIA,MOLLUSCA,GASTROPODA,STYLOMMATOPHORA,AMASTRIDAE,Amastra,pellucida
995,Amastra porcus,ANIMALIA,MOLLUSCA,GASTROPODA,STYLOMMATOPHORA,AMASTRIDAE,Amastra,porcus
996,Amastra reticulata,ANIMALIA,MOLLUSCA,GASTROPODA,STYLOMMATOPHORA,AMASTRIDAE,Amastra,reticulata
997,Amastra subrostrata,ANIMALIA,MOLLUSCA,GASTROPODA,STYLOMMATOPHORA,AMASTRIDAE,Amastra,subrostrata
998,Amastra subsoror,ANIMALIA,MOLLUSCA,GASTROPODA,STYLOMMATOPHORA,AMASTRIDAE,Amastra,subsoror
999,Amastra tenuispira,ANIMALIA,MOLLUSCA,GASTROPODA,STYLOMMATOPHORA,AMASTRIDAE,Amastra,tenuispira
13152363,Chioninia coctei,ANIMALIA,CHORDATA,REPTILIA,SQUAMATA,SCINCIDAE,Chioninia,coctei
2864,Bolyeria multocarinata,ANIMALIA,CHORDATA,REPTILIA,SQUAMATA,BOLYERIDAE,Bolyeria,multocarinata
201488,Spirobolellus praslinus,ANIMALIA,ARTHROPODA,DIPLOPODA,SPIROBOLIDA,SPIROBOLELIIDAE,Spirobolellus,praslinus
5438,Cottus echinatus,ANIMALIA,CHORDATA,ACTINOPTERYGII,SCORPAENIFORMES,COTTIDAE,Cottus,echinatus
202375,Cyprinodon arcuatus,ANIMALIA,CHORDATA,ACTINOPTERYGII,CYPRINODONTIFORMES,CYPRINODONTIDAE,Cyprinodon,arcuatus
7705,Empetrichthys merriami,ANIMALIA,CHORDATA,ACTINOPTERYGII,CYPRINODONTIFORMES,CYPRINODONTIDAE,Empetrichthys,merriami
17023321,Gongylomorphus borbonicus,ANIMALIA,CHORDATA,REPTILIA,SQUAMATA,SCINCIDAE,Gongylomorphus,borbonicus
17023550,Leiolopisma ceciliae,ANIMALIA,CHORDATA,REPTILIA,SQUAMATA,SCINCIDAE,Leiolopisma,ceciliae
17432631,Phelsuma edwardnewtonii,ANIMALIA,CHORDATA,REPTILIA,SQUAMATA,GEKKONIDAE,Phelsuma,edwardnewtonii
136532,Palaeopropithecus ingens,ANIMALIA,CHORDATA,MAMMALIA,PRIMATES,PALAEOPROPITHECIDAE,Palaeopropithecus,ingens
136515,Xenothrix mcgregori,ANIMALIA,CHORDATA,MAMMALIA,PRIMATES,PITHECIIDAE,Xenothrix,mcgregori
11577,Lepidomeda altivelis,ANIMALIA,CHORDATA,ACTINOPTERYGII,CYPRINIFORMES,CYPRINIDAE,Lepidomeda,altivelis
8888,Gambusia amistadensis,ANIMALIA,CHORDATA,ACTINOPTERYGII,CYPRINODONTIFORMES,POECILIIDAE,Gambusia,amistadensis
9183,Gila crassicauda,ANIMALIA,CHORDATA,ACTINOPTERYGII,CYPRINIFORMES,LEUCISCIDAE,Gila,crassicauda
8128,Etheostoma sellare,ANIMALIA,CHORDATA,ACTINOPTERYGII,PERCIFORMES,PERCIDAE,Etheostoma,sellare
8891,Gambusia georgei,ANIMALIA,CHORDATA,ACTINOPTERYGII,CYPRINODONTIFORMES,POECILIIDAE,Gambusia,georgei
8706,Fundulus albolineatus,ANIMALIA,CHORDATA,ACTINOPTERYGII,CYPRINODONTIFORMES,FUNDULIDAE,Fundulus,albolineatus
13153154,Ornithogalum visianicum,PLANTAE,TRACHEOPHYTA,LILIOPSIDA,ASPARAGALES,ASPARAGACEAE,Ornithogalum,visianicum
787,Alburnus akili,ANIMALIA,CHORDATA,ACTINOPTERYGII,CYPRINIFORMES,LEUCISCIDAE,Alburnus,akili
1848,Aphanius splendens,ANIMALIA,CHORDATA,ACTINOPTERYGII,CYPRINODONTIFORMES,APHANIIDAE,Aphanius,splendens
40747,Pseudophoxinus handlirschi,ANIMALIA,CHORDATA,ACTINOPTERYGII,CYPRINIFORMES,LEUCISCIDAE,Pseudophoxinus,handlirschi
61372,Tristramella sacra,ANIMALIA,CHORDATA,ACTINOPTERYGII,PERCIFORMES,CICHLIDAE,Tristramella,sacra
17874,Pogonichthys ciscoides,ANIMALIA,CHORDATA,ACTINOPTERYGII,CYPRINIFORMES,CYPRINIDAE,Pogonichthys,ciscoides
14908,Noturus trautmani,ANIMALIA,CHORDATA,ACTINOPTERYGII,SILURIFORMES,ICTALURIDAE,Noturus,trautmani
39291,Moxostoma lacerum,ANIMALIA,CHORDATA,ACTINOPTERYGII,CYPRINIFORMES,CATOSTOMIDAE,Moxostoma,lacerum
19490,Rhinichthys deaconi,ANIMALIA,CHORDATA,ACTINOPTERYGII,CYPRINIFORMES,CYPRINIDAE,Rhinichthys,deaconi
19018670,Alburnus nicaeensis,ANIMALIA,CHORDATA,ACTINOPTERYGII,CYPRINIFORMES,LEUCISCIDAE,Alburnus,nicaeensis
73,Mirogrex hulensis,ANIMALIA,CHORDATA,ACTINOPTERYGII,CYPRINIFORMES,CYPRINIDAE,Mirogrex,hulensis
18384,Prototroctes oxyrhynchus,ANIMALIA,CHORDATA,ACTINOPTERYGII,OSMERIFORMES,RETROPINNIDAE,Prototroctes,oxyrhynchus
6862,Dryophthorus distinguendus,ANIMALIA,ARTHROPODA,INSECTA,COLEOPTERA,CURCULIONIDAE,Dryophthorus,distinguendus
15144,Oodemas laysanensis,ANIMALIA,ARTHROPODA,INSECTA,COLEOPTERA,CURCULIONIDAE,Oodemas,laysanensis
19724,Rhyncogonus bryani,ANIMALIA,ARTHROPODA,INSECTA,COLEOPTERA,CURCULIONIDAE,Rhyncogonus,bryani
22147,Trigonoscuta rossi,ANIMALIA,ARTHROPODA,INSECTA,COLEOPTERA,CURCULIONIDAE,Trigonoscuta,rossi
22148,Trigonoscuta yorbalindae,ANIMALIA,ARTHROPODA,INSECTA,COLEOPTERA,CURCULIONIDAE,Trigonoscuta,yorbalindae
11073,Labidura herculeana,ANIMALIA,ARTHROPODA,INSECTA,DERMAPTERA,LABIDURIDAE,Labidura,herculeana
10332,Hydropsyche tobiasi,ANIMALIA,ARTHROPODA,INSECTA,TRICHOPTERA,HYDROPSYCHIDAE,Hydropsyche,tobiasi
9066,Geonemertes rodericana,ANIMALIA,NEMERTINA,ENOPLA,HOPLONEMERTEA,PROSORHOCHMIDAE,Geonemertes,rodericana
21460734,Hirstienus nanus,ANIMALIA,ARTHROPODA,ARACHNIDA,OPILIONES,PHALANGODIDAE,Hirstienus,nanus
196771,Centrobunus braueri,ANIMALIA,ARTHROPODA,ARACHNIDA,OPILIONES,PODOCTIDAE,Centrobunus,braueri
196773,Peromona erinacea,ANIMALIA,ARTHROPODA,ARACHNIDA,OPILIONES,PODOCTIDAE,Peromona,erinacea
196768,Sitalcicus gardineri,ANIMALIA,ARTHROPODA,ARACHNIDA,OPILIONES,PODOCTIDAE,Sitalcicus,gardineri
21460777,Metazalmoxis ferruginea,ANIMALIA,ARTHROPODA,ARACHNIDA,OPILIONES,ZALMOXIDAE,Metazalmoxis,ferruginea
21866,Thylacinus cynocephalus,ANIMALIA,CHORDATA,MAMMALIA,DASYUROMORPHIA,THYLACINIDAE,Thylacinus,cynocephalus
11163,Lagorchestes leporides,ANIMALIA,CHORDATA,MAMMALIA,DIPROTODONTIA,MACROPODIDAE,Lagorchestes,leporides
11160,Lagorchestes asomatus,ANIMALIA,CHORDATA,MAMMALIA,DIPROTODONTIA,MACROPODIDAE,Lagorchestes,asomatus
15331,Onychogalea lunata,ANIMALIA,CHORDATA,MAMMALIA,DIPROTODONTIA,MACROPODIDAE,Onychogalea,lunata
18103,Potorous platyops,ANIMALIA,CHORDATA,MAMMALIA,DIPROTODONTIA,POTOROIDAE,Potorous,platyops
136805,Bettongia pusilla,ANIMALIA,CHORDATA,MAMMALIA,DIPROTODONTIA,POTOROIDAE,Bettongia,pusilla
3626,Caloprymnus campestris,ANIMALIA,CHORDATA,MAMMALIA,DIPROTODONTIA,POTOROIDAE,Caloprymnus,campestris
4322,Chaeropus ecaudatus,ANIMALIA,CHORDATA,MAMMALIA,PERAMELEMORPHIA,CHAEROPODIDAE,Chaeropus,ecaudatus
16570,Perameles eremiana,ANIMALIA,CHORDATA,MAMMALIA,PERAMELEMORPHIA,PERAMELIDAE,Perameles,eremiana
12651,Macrotis leucura,ANIMALIA,CHORDATA,MAMMALIA,PERAMELEMORPHIA,THYLACOMYIDAE,Macrotis,leucura
15006,Nyctophilus howensis,ANIMALIA,CHORDATA,MAMMALIA,CHIROPTERA,VESPERTILIONIDAE,Nyctophilus,howensis
18718,Pteropus brunneus,ANIMALIA,CHORDATA,MAMMALIA,CHIROPTERA,PTEROPODIDAE,Pteropus,brunneus
18749,Pteropus pilosus,ANIMALIA,CHORDATA,MAMMALIA,CHIROPTERA,PTEROPODIDAE,Pteropus,pilosus
18761,Pteropus subniger,ANIMALIA,CHORDATA,MAMMALIA,CHIROPTERA,PTEROPODIDAE,Pteropus,subniger
18763,Pteropus tokudae,ANIMALIA,CHORDATA,MAMMALIA,CHIROPTERA,PTEROPODIDAE,Pteropus,tokudae
17365,Pipistrellus sturdeei,ANIMALIA,CHORDATA,MAMMALIA,CHIROPTERA,VESPERTILIONIDAE,Pipistrellus,sturdeei
41320,Cryptonanus ignitus,ANIMALIA,CHORDATA,MAMMALIA,DIDELPHIMORPHIA,DIDELPHIDAE,Cryptonanus,ignitus
9003,Geocapromys thoracatus,ANIMALIA,CHORDATA,MAMMALIA,RODENTIA,CAPROMYIDAE,Geocapromys,thoracatus
9004,Geocapromys columbianus,ANIMALIA,CHORDATA,MAMMALIA,RODENTIA,CAPROMYIDAE,Geocapromys,columbianus
10860,Isolobodon portoricensis,ANIMALIA,CHORDATA,MAMMALIA,RODENTIA,CAPROMYIDAE,Isolobodon,portoricensis
10859,Isolobodon montanus,ANIMALIA,CHORDATA,MAMMALIA,RODENTIA,CAPROMYIDAE,Isolobodon,montanus
10034,Hexolobodon phenax,ANIMALIA,CHORDATA,MAMMALIA,RODENTIA,CAPROMYIDAE,Hexolobodon,phenax
17462,Plagiodontia ipnaeum,ANIMALIA,CHORDATA,MAMMALIA,RODENTIA,CAPROMYIDAE,Plagiodontia,ipnaeum
3121,Brotomys voratus,ANIMALIA,CHORDATA,MAMMALIA,RODENTIA,ECHIMYIDAE,Brotomys,voratus
10025,Heteropsomys insulans,ANIMALIA,CHORDATA,MAMMALIA,RODENTIA,ECHIMYIDAE,Heteropsomys,insulans
2885,Boromys offella,ANIMALIA,CHORDATA,MAMMALIA,RODENTIA,ECHIMYIDAE,Boromys,offella
2886,Boromys torrei,ANIMALIA,CHORDATA,MAMMALIA,RODENTIA,ECHIMYIDAE,Boromys,torrei
41313,Nesophontes edithae,ANIMALIA,CHORDATA,MAMMALIA,EULIPOTYPHLA,NESOPHONTIDAE,Nesophontes,edithae
14676,Nesophontes zamicrus,ANIMALIA,CHORDATA,MAMMALIA,EULIPOTYPHLA,NESOPHONTIDAE,Nesophontes,zamicrus
14673,Nesophontes micrus,ANIMALIA,CHORDATA,MAMMALIA,EULIPOTYPHLA,NESOPHONTIDAE,Nesophontes,micrus
14674,Nesophontes paramicrus,ANIMALIA,CHORDATA,MAMMALIA,EULIPOTYPHLA,NESOPHONTIDAE,Nesophontes,paramicrus
14672,Nesophontes hypomicrus,ANIMALIA,CHORDATA,MAMMALIA,EULIPOTYPHLA,NESOPHONTIDAE,Nesophontes,hypomicrus
136381,Nesophontes major,ANIMALIA,CHORDATA,MAMMALIA,EULIPOTYPHLA,NESOPHONTIDAE,Nesophontes,major
20322,Solenodon marcanoi,ANIMALIA,CHORDATA,MAMMALIA,EULIPOTYPHLA,SOLENODONTIDAE,Solenodon,marcanoi
136657,Megaoryzomys curioi,ANIMALIA,CHORDATA,MAMMALIA,RODENTIA,CRICETIDAE,Megaoryzomys,curioi
136692,Noronhomys vespuccii,ANIMALIA,CHORDATA,MAMMALIA,RODENTIA,CRICETIDAE,Noronhomys,vespuccii
15255,Oligoryzomys victus,ANIMALIA,CHORDATA,MAMMALIA,RODENTIA,CRICETIDAE,Oligoryzomys,victus
16645,Peromyscus pembertoni,ANIMALIA,CHORDATA,MAMMALIA,RODENTIA,CRICETIDAE,Peromyscus,pembertoni
12980,Megalomys desmarestii,ANIMALIA,CHORDATA,MAMMALIA,RODENTIA,CRICETIDAE,Megalomys,desmarestii
12981,Megalomys luciae,ANIMALIA,CHORDATA,MAMMALIA,RODENTIA,CRICETIDAE,Megalomys,luciae
136540,Oryzomys antillarum,ANIMALIA,CHORDATA,MAMMALIA,RODENTIA,CRICETIDAE,Oryzomys,antillarum
15583,Oryzomys nelsoni,ANIMALIA,CHORDATA,MAMMALIA,RODENTIA,CRICETIDAE,Oryzomys,nelsoni
14706,Nesoryzomys darwini,ANIMALIA,CHORDATA,MAMMALIA,RODENTIA,CRICETIDAE,Nesoryzomys,darwini
14708,Nesoryzomys indefessus,ANIMALIA,CHORDATA,MAMMALIA,RODENTIA,CRICETIDAE,Nesoryzomys,indefessus
18551,Pseudomys gouldii,ANIMALIA,CHORDATA,MAMMALIA,RODENTIA,MURIDAE,Pseudomys,gouldii
18564,Pseudomys glaucus,ANIMALIA,CHORDATA,MAMMALIA,RODENTIA,MURIDAE,Pseudomys,glaucus
14865,Notomys macrotis,ANIMALIA,CHORDATA,MAMMALIA,RODENTIA,MURIDAE,Notomys,macrotis
14866,Notomys mordax,ANIMALIA,CHORDATA,MAMMALIA,RODENTIA,MURIDAE,Notomys,mordax
14861,Notomys amplus,ANIMALIA,CHORDATA,MAMMALIA,RODENTIA,MURIDAE,Notomys,amplus
14864,Notomys longicaudatus,ANIMALIA,CHORDATA,MAMMALIA,RODENTIA,MURIDAE,Notomys,longicaudatus
5414,Coryphomys buehleri,ANIMALIA,CHORDATA,MAMMALIA,RODENTIA,MURIDAE,Coryphomys,buehleri
19344,Rattus macleari,ANIMALIA,CHORDATA,MAMMALIA,RODENTIA,MURIDAE,Rattus,macleari
19351,Rattus nativitatis,ANIMALIA,CHORDATA,MAMMALIA,RODENTIA,MURIDAE,Rattus,nativitatis
5223,Conilurus albipes,ANIMALIA,CHORDATA,MAMMALIA,RODENTIA,MURIDAE,Conilurus,albipes
11633,Leporillus apicalis,ANIMALIA,CHORDATA,MAMMALIA,RODENTIA,MURIDAE,Leporillus,apicalis
10303,Hydrodamalis gigas,ANIMALIA,CHORDATA,MAMMALIA,SIRENIA,DUGONGIDAE,Hydrodamalis,gigas
21178,Sus bucculentus,ANIMALIA,CHORDATA,MAMMALIA,CETARTIODACTYLA,SUIDAE,Sus,bucculentus
44786445,Eulophia stenopetala,PLANTAE,TRACHEOPHYTA,LILIOPSIDA,ASPARAGALES,ORCHIDACEAE,Eulophia,stenopetala
44792108,Pseudoyersinia brevipennis,ANIMALIA,ARTHROPODA,INSECTA,MANTODEA,MANTIDAE,Pseudoyersinia,brevipennis
40784,Neovison macrodon,ANIMALIA,CHORDATA,MAMMALIA,CARNIVORA,MUSTELIDAE,Neovison,macrodon
136456,Cryptoprocta spelea,ANIMALIA,CHORDATA,MAMMALIA,CARNIVORA,EUPLERIDAE,Cryptoprocta,spelea
13655,Neomonachus tropicalis,ANIMALIA,CHORDATA,MAMMALIA,CARNIVORA,PHOCIDAE,Neomonachus,tropicalis
45958541,Notomys robustus,ANIMALIA,CHORDATA,MAMMALIA,RODENTIA,MURIDAE,Notomys,robustus
61247,Barbus microbarbis,ANIMALIA,CHORDATA,ACTINOPTERYGII,CYPRINIFORMES,CYPRINIDAE,Barbus,microbarbis
8980,Gazella saudiya,ANIMALIA,CHORDATA,MAMMALIA,CETARTIODACTYLA,BOVIDAE,Gazella,saudiya
8987,Gazella bilkis,ANIMALIA,CHORDATA,MAMMALIA,CETARTIODACTYLA,BOVIDAE,Gazella,bilkis
10168,Hippotragus leucophaeus,ANIMALIA,CHORDATA,MAMMALIA,CETARTIODACTYLA,BOVIDAE,Hippotragus,leucophaeus
54498,Atelopus chiriquiensis,ANIMALIA,CHORDATA,AMPHIBIA,ANURA,BUFONIDAE,Atelopus,chiriquiensis
55201,Oophaga speciosa,ANIMALIA,CHORDATA,AMPHIBIA,ANURA,DENDROBATIDAE,Oophaga,speciosa
3172,Incilius periglenes,ANIMALIA,CHORDATA,AMPHIBIA,ANURA,BUFONIDAE,Incilius,periglenes
54549,Atelopus senex,ANIMALIA,CHORDATA,AMPHIBIA,ANURA,BUFONIDAE,Atelopus,senex
56413,Craugastor anciano,ANIMALIA,CHORDATA,AMPHIBIA,ANURA,CRAUGASTORIDAE,Craugastor,anciano
56782,Craugastor myllomyllon,ANIMALIA,CHORDATA,AMPHIBIA,ANURA,CRAUGASTORIDAE,Craugastor,myllomyllon
56810,Craugastor omoaensis,ANIMALIA,CHORDATA,AMPHIBIA,ANURA,CRAUGASTORIDAE,Craugastor,omoaensis
59376,Pseudoeurycea exspectata,ANIMALIA,CHORDATA,AMPHIBIA,CAUDATA,PLETHODONTIDAE,Pseudoeurycea,exspectata
15949,Pantanodon madagascariensis,ANIMALIA,CHORDATA,ACTINOPTERYGII,CYPRINODONTIFORMES,POECILIIDAE,Pantanodon,madagascariensis
44504,Ptychochromis onilahy,ANIMALIA,CHORDATA,ACTINOPTERYGII,PERCIFORMES,CICHLIDAE,Ptychochromis,onilahy
57507878,Labeo worthingtoni,ANIMALIA,CHORDATA,ACTINOPTERYGII,CYPRINIFORMES,CYPRINIDAE,Labeo,worthingtoni
39087,Blutaparon rigidum,PLANTAE,TRACHEOPHYTA,MAGNOLIOPSIDA,CARYOPHYLLALES,AMARANTHACEAE,Blutaparon,rigidum
61483949,Delilia inelegans,PLANTAE,TRACHEOPHYTA,MAGNOLIOPSIDA,ASTERALES,ASTERACEAE,Delilia,inelegans
61503076,Sicyos villosus,PLANTAE,TRACHEOPHYTA,MAGNOLIOPSIDA,CUCURBITALES,CUCURBITACEAE,Sicyos,villosus
62798275,Lepidium amissum,PLANTAE,TRACHEOPHYTA,MAGNOLIOPSIDA,BRASSICALES,BRASSICACEAE,Lepidium,amissum
62798292,Lepidium obtusatum,PLANTAE,TRACHEOPHYTA,MAGNOLIOPSIDA,BRASSICALES,BRASSICACEAE,Lepidium,obtusatum
62798304,Logania depressa,PLANTAE,TRACHEOPHYTA,MAGNOLIOPSIDA,GENTIANALES,LOGANIACEAE,Logania,depressa
62798327,Myosotis laingii,PLANTAE,TRACHEOPHYTA,MAGNOLIOPSIDA,BORAGINALES,BORAGINACEAE,Myosotis,laingii
62798337,Stellaria elatinoides,PLANTAE,TRACHEOPHYTA,MAGNOLIOPSIDA,CARYOPHYLLALES,CARYOPHYLLACEAE,Stellaria,elatinoides
62798347,Trilepidea adamsii,PLANTAE,TRACHEOPHYTA,MAGNOLIOPSIDA,SANTALALES,LORANTHACEAE,Trilepidea,adamsii
63488699,Contomastix charrua,ANIMALIA,CHORDATA,REPTILIA,SQUAMATA,TEIIDAE,Contomastix,charrua
59445,Cynops wolterstorffi,ANIMALIA,CHORDATA,AMPHIBIA,CAUDATA,SALAMANDRIDAE,Cynops,wolterstorffi
4639,Chilonopsis nonpareil,ANIMALIA,MOLLUSCA,GASTROPODA,STYLOMMATOPHORA,SUBULINIDAE,Chilonopsis,nonpareil
9017,Chelonoidis abingdonii,ANIMALIA,CHORDATA,REPTILIA,TESTUDINES,TESTUDINIDAE,Chelonoidis,abingdonii
37854,Acalypha rubrinervis,PLANTAE,TRACHEOPHYTA,MAGNOLIOPSIDA,MALPIGHIALES,EUPHORBIACEAE,Acalypha,rubrinervis
30561,Trochetiopsis melanoxylon,PLANTAE,TRACHEOPHYTA,MAGNOLIOPSIDA,MALVALES,MALVACEAE,Trochetiopsis,melanoxylon
37598,Nesiota elliptica,PLANTAE,TRACHEOPHYTA,MAGNOLIOPSIDA,ROSALES,RHAMNACEAE,Nesiota,elliptica
67379124,Heliotropium pannifolium,PLANTAE,TRACHEOPHYTA,MAGNOLIOPSIDA,BORAGINALES,HELIOTROPIACEAE,Heliotropium,pannifolium
69620808,Galba vancouverensis,ANIMALIA,MOLLUSCA,GASTROPODA,HYGROPHILA,LYMNAEIDAE,Galba,vancouverensis
71510353,Bettongia anhydra,ANIMALIA,CHORDATA,MAMMALIA,DIPROTODONTIA,POTOROIDAE,Bettongia,anhydra
75927841,Conilurus capricornensis,ANIMALIA,CHORDATA,MAMMALIA,RODENTIA,MURIDAE,Conilurus,capricornensis
75927882,Pseudomys auritus,ANIMALIA,CHORDATA,MAMMALIA,RODENTIA,MURIDAE,Pseudomys,auritus
168180,Plectostoma sciaphilum,ANIMALIA,MOLLUSCA,GASTROPODA,ARCHITAENIOGLOSSA,DIPLOMMATINIDAE,Plectostoma,sciaphilum
136452,Lagostomus crassus,ANIMALIA,CHORDATA,MAMMALIA,RODENTIA,CHINCHILLIDAE,Lagostomus,crassus
78777379,Cyanea mauiensis,PLANTAE,TRACHEOPHYTA,MAGNOLIOPSIDA,ASTERALES,CAMPANULACEAE,Cyanea,mauiensis
4288,Rucervus schomburgki,ANIMALIA,CHORDATA,MAMMALIA,CETARTIODACTYLA,CERVIDAE,Rucervus,schomburgki
34039,Delissea niihauensis,PLANTAE,TRACHEOPHYTA,MAGNOLIOPSIDA,ASTERALES,CAMPANULACEAE,Delissea,niihauensis
79862904,Delissea subcordata,PLANTAE,TRACHEOPHYTA,MAGNOLIOPSIDA,ASTERALES,CAMPANULACEAE,Delissea,subcordata
6923,Dusicyon australis,ANIMALIA,CHORDATA,MAMMALIA,CARNIVORA,CANIDAE,Dusicyon,australis
82337482,Dusicyon avus,ANIMALIA,CHORDATA,MAMMALIA,CARNIVORA,CANIDAE,Dusicyon,avus
44094,Cyanea dolichopoda,PLANTAE,TRACHEOPHYTA,MAGNOLIOPSIDA,ASTERALES,CAMPANULACEAE,Cyanea,dolichopoda
44096,Cyanea eleeleensis,PLANTAE,TRACHEOPHYTA,MAGNOLIOPSIDA,ASTERALES,CAMPANULACEAE,Cyanea,eleeleensis
44077,Amaranthus brownii,PLANTAE,TRACHEOPHYTA,MAGNOLIOPSIDA,CARYOPHYLLALES,AMARANTHACEAE,Amaranthus,brownii
33562,Ochrosia kilaueaensis,PLANTAE,TRACHEOPHYTA,MAGNOLIOPSIDA,GENTIANALES,APOCYNACEAE,Ochrosia,kilaueaensis
84882966,Pteropus allenorum,ANIMALIA,CHORDATA,MAMMALIA,CHIROPTERA,PTEROPODIDAE,Pteropus,allenorum
171131,Zonites santoriniensis,ANIMALIA,MOLLUSCA,GASTROPODA,STYLOMMATOPHORA,ZONITIDAE,Zonites,santoriniensis
171432,Vitrea storchi,ANIMALIA,MOLLUSCA,GASTROPODA,STYLOMMATOPHORA,PRISTILOMATIDAE,Vitrea,storchi
171588,Zonites siphnicus,ANIMALIA,MOLLUSCA,GASTROPODA,STYLOMMATOPHORA,ZONITIDAE,Zonites,siphnicus
38690,Roystonea stellata,PLANTAE,TRACHEOPHYTA,LILIOPSIDA,ARECALES,ARECACEAE,Roystonea,stellata
86200874,Nobregaea latinervis,PLANTAE,BRYOPHYTA,BRYOPSIDA,HYPNALES,BRACHYTHECIACEAE,Nobregaea,latinervis
84768245,Fissidens microstictus,PLANTAE,BRYOPHYTA,BRYOPSIDA,DICRANALES,FISSIDENTACEAE,Fissidens,microstictus
87583558,Angraecopsis dolabriformis,PLANTAE,TRACHEOPHYTA,LILIOPSIDA,ASPARAGALES,ORCHIDACEAE,Angraecopsis,dolabriformis
87583728,Angraecum astroarche,PLANTAE,TRACHEOPHYTA,LILIOPSIDA,ASPARAGALES,ORCHIDACEAE,Angraecum,astroarche
157719927,Chitala lopis,ANIMALIA,CHORDATA,ACTINOPTERYGII,OSTEOGLOSSIFORMES,NOTOPTERIDAE,Chitala,lopis
40783,Hippopotamus madagascariensis,ANIMALIA,CHORDATA,MAMMALIA,CETARTIODACTYLA,HIPPOPOTAMIDAE,Hippopotamus,madagascariensis
40782,Hippopotamus lemerlei,ANIMALIA,CHORDATA,MAMMALIA,CETARTIODACTYLA,HIPPOPOTAMIDAE,Hippopotamus,lemerlei
91172297,Cyanea linearifolia,PLANTAE,TRACHEOPHYTA,MAGNOLIOPSIDA,ASTERALES,CAMPANULACEAE,Cyanea,linearifolia
91172490,Cyanea minutiflora,PLANTAE,TRACHEOPHYTA,MAGNOLIOPSIDA,ASTERALES,CAMPANULACEAE,Cyanea,minutiflora
91172805,Cyanea parvifolia,PLANTAE,TRACHEOPHYTA,MAGNOLIOPSIDA,ASTERALES,CAMPANULACEAE,Cyanea,parvifolia
91177012,Cyperus rockii,PLANTAE,TRACHEOPHYTA,LILIOPSIDA,POALES,CYPERACEAE,Cyperus,rockii
91178520,Cyrtandra olona,PLANTAE,TRACHEOPHYTA,MAGNOLIOPSIDA,LAMIALES,GESNERIACEAE,Cyrtandra,olona
173096,Germainaia geayi,ANIMALIA,MOLLUSCA,BIVALVIA,UNIONOIDA,UNIONIDAE,Germainaia,geayi
91292433,Unio madagascariensis,ANIMALIA,MOLLUSCA,BIVALVIA,UNIONOIDA,UNIONIDAE,Unio,madagascariensis
91292882,Unio malgachensis,ANIMALIA,MOLLUSCA,BIVALVIA,UNIONOIDA,UNIONIDAE,Unio,malgachensis
22678955,Coturnix novaezelandiae,ANIMALIA,CHORDATA,AVES,GALLIFORMES,PHASIANIDAE,Coturnix,novaezelandiae
22680418,Camptorhynchus labradorius,ANIMALIA,CHORDATA,AVES,ANSERIFORMES,ANATIDAE,Camptorhynchus,labradorius
22680496,Mergus australis,ANIMALIA,CHORDATA,AVES,ANSERIFORMES,ANATIDAE,Mergus,australis
22684143,Coua delalandei,ANIMALIA,CHORDATA,AVES,CUCULIFORMES,CUCULIDAE,Coua,delalandei
22684834,Nestor productus,ANIMALIA,CHORDATA,AVES,PSITTACIFORMES,STRIGOPIDAE,Nestor,productus
22685156,Psephotellus pulcherrimus,ANIMALIA,CHORDATA,AVES,PSITTACIFORMES,PSITTACIDAE,Psephotellus,pulcherrimus
22685182,Cyanoramphus zealandicus,ANIMALIA,CHORDATA,AVES,PSITTACIFORMES,PSITTACIDAE,Cyanoramphus,zealandicus
22685258,Mascarinus mascarin,ANIMALIA,CHORDATA,AVES,PSITTACIFORMES,PSITTACIDAE,Mascarinus,mascarin
22685437,Palaeornis wardi,ANIMALIA,CHORDATA,AVES,PSITTACIFORMES,PSITTACIDAE,Palaeornis,wardi
22685465,Alexandrinus exsul,ANIMALIA,CHORDATA,AVES,PSITTACIFORMES,PSITTACIDAE,Alexandrinus,exsul
22685776,Conuropsis carolinensis,ANIMALIA,CHORDATA,AVES,PSITTACIFORMES,PSITTACIDAE,Conuropsis,carolinensis
22687333,Chlorostilbon bracei,ANIMALIA,CHORDATA,AVES,CAPRIMULGIFORMES,TROCHILIDAE,Chlorostilbon,bracei
22689496,Sceloglaux albifacies,ANIMALIA,CHORDATA,AVES,STRIGIFORMES,STRIGIDAE,Sceloglaux,albifacies
22690059,Raphus cucullatus,ANIMALIA,CHORDATA,AVES,COLUMBIFORMES,COLUMBIDAE,Raphus,cucullatus
22690062,Pezophaps solitaria,ANIMALIA,CHORDATA,AVES,COLUMBIFORMES,COLUMBIDAE,Pezophaps,solitaria
22690218,Columba versicolor,ANIMALIA,CHORDATA,AVES,COLUMBIFORMES,COLUMBIDAE,Columba,versicolor
22690222,Columba jouyi,ANIMALIA,CHORDATA,AVES,COLUMBIFORMES,COLUMBIDAE,Columba,jouyi
22691052,Alopecoenas ferrugineus,ANIMALIA,CHORDATA,AVES,COLUMBIFORMES,COLUMBIDAE,Alopecoenas,ferrugineus
22691056,Alopecoenas salamonis,ANIMALIA,CHORDATA,AVES,COLUMBIFORMES,COLUMBIDAE,Alopecoenas,salamonis
22691086,Microgoura meeki,ANIMALIA,CHORDATA,AVES,COLUMBIFORMES,COLUMBIDAE,Microgoura,meeki
22691495,Ptilinopus mercierii,ANIMALIA,CHORDATA,AVES,COLUMBIFORMES,COLUMBIDAE,Ptilinopus,mercierii
22691601,Alectroenas nitidissimus,ANIMALIA,CHORDATA,AVES,COLUMBIFORMES,COLUMBIDAE,Alectroenas,nitidissimus
22692447,Hypotaenidia wakensis,ANIMALIA,CHORDATA,AVES,GRUIFORMES,RALLIDAE,Hypotaenidia,wakensis
22692450,Hypotaenidia pacifica,ANIMALIA,CHORDATA,AVES,GRUIFORMES,RALLIDAE,Hypotaenidia,pacifica
22692455,Hypotaenidia dieffenbachii,ANIMALIA,CHORDATA,AVES,GRUIFORMES,RALLIDAE,Hypotaenidia,dieffenbachii
22692672,Zapornia palmeri,ANIMALIA,CHORDATA,AVES,GRUIFORMES,RALLIDAE,Zapornia,palmeri
22692693,Zapornia sandwichensis,ANIMALIA,CHORDATA,AVES,GRUIFORMES,RALLIDAE,Zapornia,sandwichensis
22692708,Zapornia monasa,ANIMALIA,CHORDATA,AVES,GRUIFORMES,RALLIDAE,Zapornia,monasa
22692801,Porphyrio albus,ANIMALIA,CHORDATA,AVES,GRUIFORMES,RALLIDAE,Porphyrio,albus
22693330,Prosobonia leucoptera,ANIMALIA,CHORDATA,AVES,CHARADRIIFORMES,SCOLOPACIDAE,Prosobonia,leucoptera
22693621,Haematopus meadewaldoi,ANIMALIA,CHORDATA,AVES,CHARADRIIFORMES,HAEMATOPODIDAE,Haematopus,meadewaldoi
22694856,Pinguinus impennis,ANIMALIA,CHORDATA,AVES,CHARADRIIFORMES,ALCIDAE,Pinguinus,impennis
22696558,Tachybaptus rufolavatus,ANIMALIA,CHORDATA,AVES,PODICIPEDIFORMES,PODICIPEDIDAE,Tachybaptus,rufolavatus
22696577,Podilymbus gigas,ANIMALIA,CHORDATA,AVES,PODICIPEDIFORMES,PODICIPEDIDAE,Podilymbus,gigas
22696615,Podiceps andinus,ANIMALIA,CHORDATA,AVES,PODICIPEDIFORMES,PODICIPEDIDAE,Podiceps,andinus
22696750,Urile perspicillatus,ANIMALIA,CHORDATA,AVES,SULIFORMES,PHALACROCORACIDAE,Urile,perspicillatus
22697307,Ixobrychus novaezelandiae,ANIMALIA,CHORDATA,AVES,PELECANIFORMES,ARDEIDAE,Ixobrychus,novaezelandiae
22698580,Xenicus longipes,ANIMALIA,CHORDATA,AVES,PASSERIFORMES,ACANTHISITTIDAE,Xenicus,longipes
22698593,Traversia lyalli,ANIMALIA,CHORDATA,AVES,PASSERIFORMES,ACANTHISITTIDAE,Traversia,lyalli
22704323,Moho braccatus,ANIMALIA,CHORDATA,AVES,PASSERIFORMES,MOHOIDAE,Moho,braccatus
22704335,Moho bishopi,ANIMALIA,CHORDATA,AVES,PASSERIFORMES,MOHOIDAE,Moho,bishopi
22704342,Moho nobilis,ANIMALIA,CHORDATA,AVES,PASSERIFORMES,MOHOIDAE,Moho,nobilis
22704348,Chaetoptila angustipluma,ANIMALIA,CHORDATA,AVES,PASSERIFORMES,MOHOIDAE,Chaetoptila,angustipluma
22704724,Gerygone insularis,ANIMALIA,CHORDATA,AVES,PASSERIFORMES,ACANTHIZIDAE,Gerygone,insularis
22705595,Turnagra capensis,ANIMALIA,CHORDATA,AVES,PASSERIFORMES,ORIOLIDAE,Turnagra,capensis
22707354,Myiagra freycineti,ANIMALIA,CHORDATA,AVES,PASSERIFORMES,MONARCHIDAE,Myiagra,freycineti
22708535,Zoothera terrestris,ANIMALIA,CHORDATA,AVES,PASSERIFORMES,TURDIDAE,Zoothera,terrestris
22708559,Myadestes myadestinus,ANIMALIA,CHORDATA,AVES,PASSERIFORMES,TURDIDAE,Myadestes,myadestinus
22710496,Aplonis corvina,ANIMALIA,CHORDATA,AVES,PASSERIFORMES,STURNIDAE,Aplonis,corvina
22710499,Aplonis mavornata,ANIMALIA,CHORDATA,AVES,PASSERIFORMES,STURNIDAE,Aplonis,mavornata
22710511,Aplonis fusca,ANIMALIA,CHORDATA,AVES,PASSERIFORMES,STURNIDAE,Aplonis,fusca
22710836,Necropsar rodericanus,ANIMALIA,CHORDATA,AVES,PASSERIFORMES,STURNIDAE,Necropsar,rodericanus
22710840,Fregilupus varius,ANIMALIA,CHORDATA,AVES,PASSERIFORMES,STURNIDAE,Fregilupus,varius
22714223,Zosterops strenuus,ANIMALIA,CHORDATA,AVES,PASSERIFORMES,ZOSTEROPIDAE,Zosterops,strenuus
22714587,Nesillas aldabrana,ANIMALIA,CHORDATA,AVES,PASSERIFORMES,ACROCEPHALIDAE,Nesillas,aldabrana
22720745,Rhodacanthis flaviceps,ANIMALIA,CHORDATA,AVES,PASSERIFORMES,FRINGILLIDAE,Rhodacanthis,flaviceps
22720749,Rhodacanthis palmeri,ANIMALIA,CHORDATA,AVES,PASSERIFORMES,FRINGILLIDAE,Rhodacanthis,palmeri
22720784,Viridonia sagittirostris,ANIMALIA,CHORDATA,AVES,PASSERIFORMES,FRINGILLIDAE,Viridonia,sagittirostris
22720840,Ciridops anna,ANIMALIA,CHORDATA,AVES,PASSERIFORMES,FRINGILLIDAE,Ciridops,anna
22720848,Drepanis pacifica,ANIMALIA,CHORDATA,AVES,PASSERIFORMES,FRINGILLIDAE,Drepanis,pacifica
22720852,Drepanis funerea,ANIMALIA,CHORDATA,AVES,PASSERIFORMES,FRINGILLIDAE,Drepanis,funerea
22724314,Quiscalus palustris,ANIMALIA,CHORDATA,AVES,PASSERIFORMES,ICTERIDAE,Quiscalus,palustris
22724449,Dromaius baudinianus,ANIMALIA,CHORDATA,AVES,STRUTHIONIFORMES,CASUARIIDAE,Dromaius,baudinianus
22724513,Ara tricolor,ANIMALIA,CHORDATA,AVES,PSITTACIFORMES,PSITTACIDAE,Ara,tricolor
22727515,Coenocorypha iredalei,ANIMALIA,CHORDATA,AVES,CHARADRIIFORMES,SCOLOPACIDAE,Coenocorypha,iredalei
22728643,Dromaius minor,ANIMALIA,CHORDATA,AVES,STRUTHIONIFORMES,CASUARIIDAE,Dromaius,minor
22728658,Alopochen mauritiana,ANIMALIA,CHORDATA,AVES,ANSERIFORMES,ANATIDAE,Alopochen,mauritiana
22728662,Anas theodori,ANIMALIA,CHORDATA,AVES,ANSERIFORMES,ANATIDAE,Anas,theodori
22728666,Anas marecula,ANIMALIA,CHORDATA,AVES,ANSERIFORMES,ANATIDAE,Anas,marecula
22728670,Upupa antaios,ANIMALIA,CHORDATA,AVES,BUCEROTIFORMES,UPUPIDAE,Upupa,antaios
22728673,Cyanoramphus ulietanus,ANIMALIA,CHORDATA,AVES,PSITTACIFORMES,PSITTACIDAE,Cyanoramphus,ulietanus
22728696,Psittacara labati,ANIMALIA,CHORDATA,AVES,PSITTACIFORMES,PSITTACIDAE,Psittacara,labati
22728701,Amazona violacea,ANIMALIA,CHORDATA,AVES,PSITTACIFORMES,PSITTACIDAE,Amazona,violacea
22728705,Amazona martinicana,ANIMALIA,CHORDATA,AVES,PSITTACIFORMES,PSITTACIDAE,Amazona,martinicana
22728709,Chlorostilbon elegans,ANIMALIA,CHORDATA,AVES,CAPRIMULGIFORMES,TROCHILIDAE,Chlorostilbon,elegans
22728726,Porphyrio caerulescens,ANIMALIA,CHORDATA,AVES,GRUIFORMES,RALLIDAE,Porphyrio,caerulescens
22728732,Porphyrio kukwiedei,ANIMALIA,CHORDATA,AVES,GRUIFORMES,RALLIDAE,Porphyrio,kukwiedei
22728740,Hypotaenidia poeciloptera,ANIMALIA,CHORDATA,AVES,GRUIFORMES,RALLIDAE,Hypotaenidia,poeciloptera
22728746,Mundia elpenor,ANIMALIA,CHORDATA,AVES,GRUIFORMES,RALLIDAE,Mundia,elpenor
22728754,Laterallus podarces,ANIMALIA,CHORDATA,AVES,GRUIFORMES,RALLIDAE,Laterallus,podarces
22728757,Zapornia nigra,ANIMALIA,CHORDATA,AVES,GRUIFORMES,RALLIDAE,Zapornia,nigra
22728760,Zapornia astrictocarpus,ANIMALIA,CHORDATA,AVES,GRUIFORMES,RALLIDAE,Zapornia,astrictocarpus
22728763,Gallinula nesiotis,ANIMALIA,CHORDATA,AVES,GRUIFORMES,RALLIDAE,Gallinula,nesiotis
22728769,Fulica newtonii,ANIMALIA,CHORDATA,AVES,GRUIFORMES,RALLIDAE,Fulica,newtonii
22728772,Prosobonia ellisi,ANIMALIA,CHORDATA,AVES,CHARADRIIFORMES,SCOLOPACIDAE,Prosobonia,ellisi
22728777,Nycticorax mauritianus,ANIMALIA,CHORDATA,AVES,PELECANIFORMES,ARDEIDAE,Nycticorax,mauritianus
22728781,Nycticorax duboisi,ANIMALIA,CHORDATA,AVES,PELECANIFORMES,ARDEIDAE,Nycticorax,duboisi
22728787,Nycticorax megacephalus,ANIMALIA,CHORDATA,AVES,PELECANIFORMES,ARDEIDAE,Nycticorax,megacephalus
22728800,Pterodroma rupinarum,ANIMALIA,CHORDATA,AVES,PROCELLARIIFORMES,PROCELLARIIDAE,Pterodroma,rupinarum
22728804,Bulweria bifax,ANIMALIA,CHORDATA,AVES,PROCELLARIIFORMES,PROCELLARIIDAE,Bulweria,bifax
22728814,Anthornis melanocephala,ANIMALIA,CHORDATA,AVES,PASSERIFORMES,MELIPHAGIDAE,Anthornis,melanocephala
22728820,Turnagra tanagra,ANIMALIA,CHORDATA,AVES,PASSERIFORMES,ORIOLIDAE,Turnagra,tanagra
22728825,Chloridops kona,ANIMALIA,CHORDATA,AVES,PASSERIFORMES,FRINGILLIDAE,Chloridops,kona
22728833,Porphyrio mantelli,ANIMALIA,CHORDATA,AVES,GRUIFORMES,RALLIDAE,Porphyrio,mantelli
22728841,Nannococcyx psix,ANIMALIA,CHORDATA,AVES,CUCULIFORMES,CUCULIDAE,Nannococcyx,psix
22728844,Lophopsittacus bensoni,ANIMALIA,CHORDATA,AVES,PSITTACIFORMES,PSITTACIDAE,Lophopsittacus,bensoni
22728847,Lophopsittacus mauritianus,ANIMALIA,CHORDATA,AVES,PSITTACIFORMES,PSITTACIDAE,Lophopsittacus,mauritianus
22728851,Necropsittacus rodricanus,ANIMALIA,CHORDATA,AVES,PSITTACIFORMES,PSITTACIDAE,Necropsittacus,rodricanus
22728856,Mascarenotus murivorus,ANIMALIA,CHORDATA,AVES,STRIGIFORMES,STRIGIDAE,Mascarenotus,murivorus
22728861,Mascarenotus sauzieri,ANIMALIA,CHORDATA,AVES,STRIGIFORMES,STRIGIDAE,Mascarenotus,sauzieri
22728873,Cabalus modestus,ANIMALIA,CHORDATA,AVES,GRUIFORMES,RALLIDAE,Cabalus,modestus
22728884,Aphanapteryx bonasia,ANIMALIA,CHORDATA,AVES,GRUIFORMES,RALLIDAE,Aphanapteryx,bonasia
22728889,Erythromachus leguati,ANIMALIA,CHORDATA,AVES,GRUIFORMES,RALLIDAE,Erythromachus,leguati
22728892,Caracara lutosa,ANIMALIA,CHORDATA,AVES,FALCONIFORMES,FALCONIDAE,Caracara,lutosa
22728902,Poodytes rufescens,ANIMALIA,CHORDATA,AVES,PASSERIFORMES,LOCUSTELLIDAE,Poodytes,rufescens
22729490,Alopochen kervazoi,ANIMALIA,CHORDATA,AVES,ANSERIFORMES,ANATIDAE,Alopochen,kervazoi
22731930,Falco duboisi,ANIMALIA,CHORDATA,AVES,FALCONIFORMES,FALCONIDAE,Falco,duboisi
22732926,Pomarea fluxa,ANIMALIA,CHORDATA,AVES,PASSERIFORMES,MONARCHIDAE,Pomarea,fluxa
22732936,Pomarea nukuhivae,ANIMALIA,CHORDATA,AVES,PASSERIFORMES,MONARCHIDAE,Pomarea,nukuhivae
22734732,Caloenas maculata,ANIMALIA,CHORDATA,AVES,COLUMBIFORMES,COLUMBIDAE,Caloenas,maculata
62178398,Coenocorypha barrierensis,ANIMALIA,CHORDATA,AVES,CHARADRIIFORMES,SCOLOPACIDAE,Coenocorypha,barrierensis
62184893,Aegolius gradyi,ANIMALIA,CHORDATA,AVES,STRIGIFORMES,STRIGIDAE,Aegolius,gradyi
84931267,Pteropus coxi,ANIMALIA,CHORDATA,MAMMALIA,CHIROPTERA,PTEROPODIDAE,Pteropus,coxi
96986314,Bradycellus chavesi,ANIMALIA,ARTHROPODA,INSECTA,COLEOPTERA,CARABIDAE,Bradycellus,chavesi
37856,Commidendrum gummiferum,PLANTAE,TRACHEOPHYTA,MAGNOLIOPSIDA,ASTERALES,ASTERACEAE,Commidendrum,gummiferum
16527,Pelusios seychellensis,ANIMALIA,CHORDATA,REPTILIA,TESTUDINES,PELOMEDUSIDAE,Pelusios,seychellensis
97908360,Sanicula kauaiensis,PLANTAE,TRACHEOPHYTA,MAGNOLIOPSIDA,APIALES,APIACEAE,Sanicula,kauaiensis
97909097,Schiedea amplexicaulis,PLANTAE,TRACHEOPHYTA,MAGNOLIOPSIDA,CARYOPHYLLALES,CARYOPHYLLACEAE,Schiedea,amplexicaulis
97910096,Wikstroemia hanalei,PLANTAE,TRACHEOPHYTA,MAGNOLIOPSIDA,MALVALES,THYMELAEACEAE,Wikstroemia,hanalei
135292,Pseudobactricia ridleyi,ANIMALIA,ARTHROPODA,INSECTA,PHASMIDA,DIAPHEROMERIDAE,Pseudobactricia,ridleyi
97104847,Calathus extensicollis,ANIMALIA,ARTHROPODA,INSECTA,COLEOPTERA,CARABIDAE,Calathus,extensicollis
97111002,Calathus vicenteorum,ANIMALIA,ARTHROPODA,INSECTA,COLEOPTERA,CARABIDAE,Calathus,vicenteorum
97161884,Neocnemis occidentalis,ANIMALIA,ARTHROPODA,INSECTA,COLEOPTERA,CURCULIONIDAE,Neocnemis,occidentalis
44072,Acaena exigua,PLANTAE,TRACHEOPHYTA,MAGNOLIOPSIDA,ROSALES,ROSACEAE,Acaena,exigua
178595,Emoia nativitatis,ANIMALIA,CHORDATA,REPTILIA,SQUAMATA,SCINCIDAE,Emoia,nativitatis
16340,Partula jackieburchi,ANIMALIA,MOLLUSCA,GASTROPODA,STYLOMMATOPHORA,PARTULIDAE,Partula,jackieburchi
103192401,Tokea orthostichon,ANIMALIA,ANNELIDA,CLITELLATA,MEGADRILACEAE,MEGASCOLECIDAE,Tokea,orthostichon
107426635,Habenaria petromedusa,PLANTAE,TRACHEOPHYTA,LILIOPSIDA,ASPARAGALES,ORCHIDACEAE,Habenaria,petromedusa
107428233,Stachytarpheta fallax,PLANTAE,TRACHEOPHYTA,MAGNOLIOPSIDA,LAMIALES,VERBENACEAE,Stachytarpheta,fallax
54561,Atelopus vogli,ANIMALIA,CHORDATA,AMPHIBIA,ANURA,BUFONIDAE,Atelopus,vogli
51269349,Melanoplus spretus,ANIMALIA,ARTHROPODA,INSECTA,ORTHOPTERA,ACRIDIDAE,Melanoplus,spretus
22708564,Myadestes woahensis,ANIMALIA,CHORDATA,AVES,PASSERIFORMES,TURDIDAE,Myadestes,woahensis
22704329,Moho apicalis,ANIMALIA,CHORDATA,AVES,PASSERIFORMES,MOHOIDAE,Moho,apicalis
22720738,Dysmorodrepanis munroi,ANIMALIA,CHORDATA,AVES,PASSERIFORMES,FRINGILLIDAE,Dysmorodrepanis,munroi
22720622,Carpodacus ferreorostris,ANIMALIA,CHORDATA,AVES,PASSERIFORMES,FRINGILLIDAE,Carpodacus,ferreorostris
41667,Zalophus japonicus,ANIMALIA,CHORDATA,MAMMALIA,CARNIVORA,OTARIIDAE,Zalophus,japonicus
113204000,Persoonia laxa,PLANTAE,TRACHEOPHYTA,MAGNOLIOPSIDA,PROTEALES,PROTEACEAE,Persoonia,laxa
113204241,Persoonia prostrata,PLANTAE,TRACHEOPHYTA,MAGNOLIOPSIDA,PROTEALES,PROTEACEAE,Persoonia,prostrata
11388,Leiocephalus eremitus,ANIMALIA,CHORDATA,REPTILIA,SQUAMATA,TROPIDURIDAE,Leiocephalus,eremitus
11389,Leiocephalus herminieri,ANIMALIA,CHORDATA,REPTILIA,SQUAMATA,TROPIDURIDAE,Leiocephalus,herminieri
12081,Erythrolamprus perfuscus,ANIMALIA,CHORDATA,REPTILIA,SQUAMATA,DIPSADIDAE,Erythrolamprus,perfuscus
203441,Clelia errabunda,ANIMALIA,CHORDATA,REPTILIA,SQUAMATA,DIPSADIDAE,Clelia,errabunda
44579175,Alinea luciae,ANIMALIA,CHORDATA,REPTILIA,SQUAMATA,SCINCIDAE,Alinea,luciae
47102774,Copeoglossum redondae,ANIMALIA,CHORDATA,REPTILIA,SQUAMATA,SCINCIDAE,Copeoglossum,redondae
75306422,Leiocephalus cuneus,ANIMALIA,CHORDATA,REPTILIA,SQUAMATA,TROPIDURIDAE,Leiocephalus,cuneus
78777637,Cyanea sessilifolia,PLANTAE,TRACHEOPHYTA,MAGNOLIOPSIDA,ASTERALES,CAMPANULACEAE,Cyanea,sessilifolia
21663,Tetradactylus eastwoodae,ANIMALIA,CHORDATA,REPTILIA,SQUAMATA,GERRHOSAURIDAE,Tetradactylus,eastwoodae
44979051,Scelotes guentheri,ANIMALIA,CHORDATA,REPTILIA,SQUAMATA,SCINCIDAE,Scelotes,guentheri
103824105,Loxops wolstenholmei,ANIMALIA,CHORDATA,AVES,PASSERIFORMES,FRINGILLIDAE,Loxops,wolstenholmei
22735592,Acrocephalus musae,ANIMALIA,CHORDATA,AVES,PASSERIFORMES,ACROCEPHALIDAE,Acrocephalus,musae
103889155,Zosterops conspicillatus,ANIMALIA,CHORDATA,AVES,PASSERIFORMES,ZOSTEROPIDAE,Zosterops,conspicillatus
22720823,Paroreomyza flammea,ANIMALIA,CHORDATA,AVES,PASSERIFORMES,FRINGILLIDAE,Paroreomyza,flammea
22724444,Pomarea pomarea,ANIMALIA,CHORDATA,AVES,PASSERIFORMES,MONARCHIDAE,Pomarea,pomarea
62239833,Chenonetta finschi,ANIMALIA,CHORDATA,AVES,ANSERIFORMES,ANATIDAE,Chenonetta,finschi
62254534,Columba thiriouxi,ANIMALIA,CHORDATA,AVES,COLUMBIFORMES,COLUMBIDAE,Columba,thiriouxi
62257034,Nesoenas cicur,ANIMALIA,CHORDATA,AVES,COLUMBIFORMES,COLUMBIDAE,Nesoenas,cicur
22728722,Nesoenas rodericanus,ANIMALIA,CHORDATA,AVES,COLUMBIFORMES,COLUMBIDAE,Nesoenas,rodericanus
62759683,Alectroenas payandeei,ANIMALIA,CHORDATA,AVES,COLUMBIFORMES,COLUMBIDAE,Alectroenas,payandeei
62258591,Dryolimnas augusti,ANIMALIA,CHORDATA,AVES,GRUIFORMES,RALLIDAE,Dryolimnas,augusti
62263064,Porphyrio paepae,ANIMALIA,CHORDATA,AVES,GRUIFORMES,RALLIDAE,Porphyrio,paepae
62274163,Tribonyx hodgenorum,ANIMALIA,CHORDATA,AVES,GRUIFORMES,RALLIDAE,Tribonyx,hodgenorum
62286255,Nyctanassa carcinocatactes,ANIMALIA,CHORDATA,AVES,PELECANIFORMES,ARDEIDAE,Nyctanassa,carcinocatactes
62289108,Prosobonia cancellata,ANIMALIA,CHORDATA,AVES,CHARADRIIFORMES,SCOLOPACIDAE,Prosobonia,cancellata
62183030,Bermuteo avivorus,ANIMALIA,CHORDATA,AVES,ACCIPITRIFORMES,ACCIPITRIDAE,Bermuteo,avivorus
62322970,Colaptes oceanicus,ANIMALIA,CHORDATA,AVES,PICIFORMES,PICIDAE,Colaptes,oceanicus
62307504,Eclectus infectus,ANIMALIA,CHORDATA,AVES,PSITTACIFORMES,PSITTACIDAE,Eclectus,infectus
103682916,Pyrocephalus dubius,ANIMALIA,CHORDATA,AVES,PASSERIFORMES,TYRANNIDAE,Pyrocephalus,dubius
22734867,Aplonis ulietensis,ANIMALIA,CHORDATA,AVES,PASSERIFORMES,STURNIDAE,Aplonis,ulietensis
22708091,Heteralocha acutirostris,ANIMALIA,CHORDATA,AVES,PASSERIFORMES,CALLAEIDAE,Heteralocha,acutirostris
22728712,Nesoenas duboisi,ANIMALIA,CHORDATA,AVES,COLUMBIFORMES,COLUMBIDAE,Nesoenas,duboisi
22733394,Diaphorapteryx hawkinsi,ANIMALIA,CHORDATA,AVES,GRUIFORMES,RALLIDAE,Diaphorapteryx,hawkinsi
22728791,Threskiornis solitarius,ANIMALIA,CHORDATA,AVES,PELECANIFORMES,THRESKIORNITHIDAE,Threskiornis,solitarius
22728866,Mascarenotus grucheti,ANIMALIA,CHORDATA,AVES,STRIGIFORMES,STRIGIDAE,Mascarenotus,grucheti
103780078,Acrocephalus luscinius,ANIMALIA,CHORDATA,AVES,PASSERIFORMES,ACROCEPHALIDAE,Acrocephalus,luscinius
103780109,Acrocephalus nijoi,ANIMALIA,CHORDATA,AVES,PASSERIFORMES,ACROCEPHALIDAE,Acrocephalus,nijoi
103780103,Acrocephalus yamashinae,ANIMALIA,CHORDATA,AVES,PASSERIFORMES,ACROCEPHALIDAE,Acrocephalus,yamashinae
103823212,Akialoa ellisiana,ANIMALIA,CHORDATA,AVES,PASSERIFORMES,FRINGILLIDAE,Akialoa,ellisiana
103823431,Akialoa lanaiensis,ANIMALIA,CHORDATA,AVES,PASSERIFORMES,FRINGILLIDAE,Akialoa,lanaiensis
22728910,Akialoa obscura,ANIMALIA,CHORDATA,AVES,PASSERIFORMES,FRINGILLIDAE,Akialoa,obscura
103823250,Akialoa stejnegeri,ANIMALIA,CHORDATA,AVES,PASSERIFORMES,FRINGILLIDAE,Akialoa,stejnegeri
103811601,Foudia delloni,ANIMALIA,CHORDATA,AVES,PASSERIFORMES,PLOCEIDAE,Foudia,delloni
103829706,Himatione fraithii,ANIMALIA,CHORDATA,AVES,PASSERIFORMES,FRINGILLIDAE,Himatione,fraithii
103772527,Pipilo naufragus,ANIMALIA,CHORDATA,AVES,PASSERIFORMES,PASSERELLIDAE,Pipilo,naufragus
103889951,Zosterops semiflavus,ANIMALIA,CHORDATA,AVES,PASSERIFORMES,ZOSTEROPIDAE,Zosterops,semiflavus
10254,Hoplodactylus delcourti,ANIMALIA,CHORDATA,REPTILIA,SQUAMATA,DIPLODACTYLIDAE,Hoplodactylus,delcourti
1119,Pholidoscelis cineraceus,ANIMALIA,CHORDATA,REPTILIA,SQUAMATA,TEIIDAE,Pholidoscelis,cineraceus
122227170,Miconia abscondita,PLANTAE,TRACHEOPHYTA,MAGNOLIOPSIDA,MYRTALES,MELASTOMATACEAE,Miconia,abscondita
123423283,Sympterichthys unipennis,ANIMALIA,CHORDATA,ACTINOPTERYGII,LOPHIIFORMES,BRACHIONICHTHYIDAE,Sympterichthys,unipennis
117319979,Etlingera heyneana,PLANTAE,TRACHEOPHYTA,LILIOPSIDA,ZINGIBERALES,ZINGIBERACEAE,Etlingera,heyneana
126608606,Hesperelaea palmeri,PLANTAE,TRACHEOPHYTA,MAGNOLIOPSIDA,LAMIALES,OLEACEAE,Hesperelaea,palmeri
126612753,Faramea chiapensis,PLANTAE,TRACHEOPHYTA,MAGNOLIOPSIDA,GENTIANALES,RUBIACEAE,Faramea,chiapensis
103780156,Acrocephalus astrolabii,ANIMALIA,CHORDATA,AVES,PASSERIFORMES,ACROCEPHALIDAE,Acrocephalus,astrolabii
12625,Macropus greyi,ANIMALIA,CHORDATA,MAMMALIA,DIPROTODONTIA,MACROPODIDAE,Macropus,greyi
22708835,Turdus ravidus,ANIMALIA,CHORDATA,AVES,PASSERIFORMES,TURDIDAE,Turdus,ravidus
18220,Procambarus angustatus,ANIMALIA,ARTHROPODA,MALACOSTRACA,DECAPODA,CAMBARIDAE,Procambarus,angustatus
14891,Notropis orca,ANIMALIA,CHORDATA,ACTINOPTERYGII,CYPRINIFORMES,CYPRINIDAE,Notropis,orca
2100,Argyresthia castaneella,ANIMALIA,ARTHROPODA,INSECTA,LEPIDOPTERA,ARGYRESTHIIDAE,Argyresthia,castaneella
7028,Ectoedemia castaneae,ANIMALIA,ARTHROPODA,INSECTA,LEPIDOPTERA,NEPTICULIDAE,Ectoedemia,castaneae
7029,Ectoedemia phleophaga,ANIMALIA,ARTHROPODA,INSECTA,LEPIDOPTERA,NEPTICULIDAE,Ectoedemia,phleophaga
22088,Triaenodes tridontus,ANIMALIA,ARTHROPODA,INSECTA,TRICHOPTERA,LEPTOCERIDAE,Triaenodes,tridontus
136814105,Bourreria veracruzana,PLANTAE,TRACHEOPHYTA,MAGNOLIOPSIDA,BORAGINALES,EHRETIACEAE,Bourreria,veracruzana
140414966,Scleria chevalieri,PLANTAE,TRACHEOPHYTA,LILIOPSIDA,POALES,CYPERACEAE,Scleria,chevalieri
140416589,Eriocaulon inundatum,PLANTAE,TRACHEOPHYTA,LILIOPSIDA,POALES,ERIOCAULACEAE,Eriocaulon,inundatum
140416686,Eriocaulon jordanii,PLANTAE,TRACHEOPHYTA,LILIOPSIDA,POALES,ERIOCAULACEAE,Eriocaulon,jordanii
30393,Streblorrhiza speciosa,PLANTAE,TRACHEOPHYTA,MAGNOLIOPSIDA,FABALES,FABACEAE,Streblorrhiza,speciosa
31679,Euchorium cubense,PLANTAE,TRACHEOPHYTA,MAGNOLIOPSIDA,SAPINDALES,SAPINDACEAE,Euchorium,cubense
35111,Myoporum rimatarense,PLANTAE,TRACHEOPHYTA,MAGNOLIOPSIDA,LAMIALES,SCROPHULARIACEAE,Myoporum,rimatarense
35254,Banara wilsonii,PLANTAE,TRACHEOPHYTA,MAGNOLIOPSIDA,MALPIGHIALES,SALICACEAE,Banara,wilsonii
38848,Guettarda retusa,PLANTAE,TRACHEOPHYTA,MAGNOLIOPSIDA,GENTIANALES,RUBIACEAE,Guettarda,retusa
147088627,Monteverdia lineata,PLANTAE,TRACHEOPHYTA,MAGNOLIOPSIDA,CELASTRALES,CELASTRACEAE,Monteverdia,lineata
31675,Angostura ossana,PLANTAE,TRACHEOPHYTA,MAGNOLIOPSIDA,SAPINDALES,RUTACEAE,Angostura,ossana
18487,Pseudocampylaea lowii,ANIMALIA,MOLLUSCA,GASTROPODA,STYLOMMATOPHORA,GEOMITRIDAE,Pseudocampylaea,lowii
22690733,Ectopistes migratorius,ANIMALIA,CHORDATA,AVES,COLUMBIFORMES,COLUMBIDAE,Ectopistes,migratorius
22720863,Melamprosops phaeosoma,ANIMALIA,CHORDATA,AVES,PASSERIFORMES,FRINGILLIDAE,Melamprosops,phaeosoma
103671170,Cichlocolaptes mazarbarnetti,ANIMALIA,CHORDATA,AVES,PASSERIFORMES,FURNARIIDAE,Cichlocolaptes,mazarbarnetti
22702869,Philydor novaesi,ANIMALIA,CHORDATA,AVES,PASSERIFORMES,FURNARIIDAE,Philydor,novaesi
58390,Nannophrys guentheri,ANIMALIA,CHORDATA,AMPHIBIA,ANURA,DICROGLOSSIDAE,Nannophrys,guentheri
58811,Pseudophilautus adspersus,ANIMALIA,CHORDATA,AMPHIBIA,ANURA,RHACOPHORIDAE,Pseudophilautus,adspersus
58835,Pseudophilautus dimbullae,ANIMALIA,CHORDATA,AMPHIBIA,ANURA,RHACOPHORIDAE,Pseudophilautus,dimbullae
58839,Pseudophilautus eximius,ANIMALIA,CHORDATA,AMPHIBIA,ANURA,RHACOPHORIDAE,Pseudophilautus,eximius
58840,Pseudophilautus extirpo,ANIMALIA,CHORDATA,AMPHIBIA,ANURA,RHACOPHORIDAE,Pseudophilautus,extirpo
58852,Pseudophilautus halyi,ANIMALIA,CHORDATA,AMPHIBIA,ANURA,RHACOPHORIDAE,Pseudophilautus,halyi
58862,Pseudophilautus leucorhinus,ANIMALIA,CHORDATA,AMPHIBIA,ANURA,RHACOPHORIDAE,Pseudophilautus,leucorhinus
58869,Pseudophilautus malcolmsmithi,ANIMALIA,CHORDATA,AMPHIBIA,ANURA,RHACOPHORIDAE,Pseudophilautus,malcolmsmithi
58877,Pseudophilautus nanus,ANIMALIA,CHORDATA,AMPHIBIA,ANURA,RHACOPHORIDAE,Pseudophilautus,nanus
58878,Pseudophilautus nasutus,ANIMALIA,CHORDATA,AMPHIBIA,ANURA,RHACOPHORIDAE,Pseudophilautus,nasutus
58883,Pseudophilautus oxyrhynchus,ANIMALIA,CHORDATA,AMPHIBIA,ANURA,RHACOPHORIDAE,Pseudophilautus,oxyrhynchus
58895,Pseudophilautus rugatus,ANIMALIA,CHORDATA,AMPHIBIA,ANURA,RHACOPHORIDAE,Pseudophilautus,rugatus
58924,Pseudophilautus temporalis,ANIMALIA,CHORDATA,AMPHIBIA,ANURA,RHACOPHORIDAE,Pseudophilautus,temporalis
58931,Pseudophilautus variabilis,ANIMALIA,CHORDATA,AMPHIBIA,ANURA,RHACOPHORIDAE,Pseudophilautus,variabilis
58938,Pseudophilautus zal,ANIMALIA,CHORDATA,AMPHIBIA,ANURA,RHACOPHORIDAE,Pseudophilautus,zal
58939,Pseudophilautus zimmeri,ANIMALIA,CHORDATA,AMPHIBIA,ANURA,RHACOPHORIDAE,Pseudophilautus,zimmeri
136000,Pseudophilautus maia,ANIMALIA,CHORDATA,AMPHIBIA,ANURA,RHACOPHORIDAE,Pseudophilautus,maia
136163,Pseudophilautus pardus,ANIMALIA,CHORDATA,AMPHIBIA,ANURA,RHACOPHORIDAE,Pseudophilautus,pardus
158037164,Pycnandra micrantha,PLANTAE,TRACHEOPHYTA,MAGNOLIOPSIDA,ERICALES,SAPOTACEAE,Pycnandra,micrantha
10946,Juscelinomys candango,ANIMALIA,CHORDATA,MAMMALIA,RODENTIA,CRICETIDAE,Juscelinomys,candango
13484053,Nactus soniae,ANIMALIA,CHORDATA,REPTILIA,SQUAMATA,GEKKONIDAE,Nactus,soniae
11410,Leiolopisma mauritiana,ANIMALIA,CHORDATA,REPTILIA,SQUAMATA,SCINCIDAE,Leiolopisma,mauritiana
16925,Phelsuma gigas,ANIMALIA,CHORDATA,REPTILIA,SQUAMATA,GEKKONIDAE,Phelsuma,gigas
22607,Madatyphlops cariei,ANIMALIA,CHORDATA,REPTILIA,SQUAMATA,TYPHLOPIDAE,Madatyphlops,cariei
6331,Deloneura immaculata,ANIMALIA,ARTHROPODA,INSECTA,LEPIDOPTERA,LYCAENIDAE,Deloneura,immaculata
11537,Lepidochrysops hypopolia,ANIMALIA,ARTHROPODA,INSECTA,LEPIDOPTERA,LYCAENIDAE,Lepidochrysops,hypopolia
169838762,Schizothorax saltans,ANIMALIA,CHORDATA,ACTINOPTERYGII,CYPRINIFORMES,CYPRINIDAE,Schizothorax,saltans
44791445,Ameles fasciipennis,ANIMALIA,ARTHROPODA,INSECTA,MANTODEA,MANTIDAE,Ameles,fasciipennis
177653,Leiorhagium solemi,ANIMALIA,MOLLUSCA,GASTROPODA,LITTORINIMORPHA,TATEIDAE,Leiorhagium,solemi
103823595,Hemignathus lucidus,ANIMALIA,CHORDATA,AVES,PASSERIFORMES,FRINGILLIDAE,Hemignathus,lucidus
33670,Melicope macropus,PLANTAE,TRACHEOPHYTA,MAGNOLIOPSIDA,SAPINDALES,RUTACEAE,Melicope,macropus
34040,Delissea undulata,PLANTAE,TRACHEOPHYTA,MAGNOLIOPSIDA,ASTERALES,CAMPANULACEAE,Delissea,undulata
113168368,Leucadendron grandiflorum,PLANTAE,TRACHEOPHYTA,MAGNOLIOPSIDA,PROTEALES,PROTEACEAE,Leucadendron,grandiflorum
113166006,Leucadendron spirale,PLANTAE,TRACHEOPHYTA,MAGNOLIOPSIDA,PROTEALES,PROTEACEAE,Leucadendron,spirale
4135,Barbodes pachycheilus,ANIMALIA,CHORDATA,ACTINOPTERYGII,CYPRINIFORMES,CYPRINIDAE,Barbodes,pachycheilus
12751,Barbodes resimus,ANIMALIA,CHORDATA,ACTINOPTERYGII,CYPRINIFORMES,CYPRINIDAE,Barbodes,resimus
15633,Barbodes palaemophagus,ANIMALIA,CHORDATA,ACTINOPTERYGII,CYPRINIFORMES,CYPRINIDAE,Barbodes,palaemophagus
15634,Barbodes truncatulus,ANIMALIA,CHORDATA,ACTINOPTERYGII,CYPRINIFORMES,CYPRINIDAE,Barbodes,truncatulus
18882,Barbodes amarus,ANIMALIA,CHORDATA,ACTINOPTERYGII,CYPRINIFORMES,CYPRINIDAE,Barbodes,amarus
18884,Barbodes baoulan,ANIMALIA,CHORDATA,ACTINOPTERYGII,CYPRINIFORMES,CYPRINIDAE,Barbodes,baoulan
18886,Barbodes clemensi,ANIMALIA,CHORDATA,ACTINOPTERYGII,CYPRINIFORMES,CYPRINIDAE,Barbodes,clemensi
18888,Barbodes disa,ANIMALIA,CHORDATA,ACTINOPTERYGII,CYPRINIFORMES,CYPRINIDAE,Barbodes,disa
18889,Barbodes flavifuscus,ANIMALIA,CHORDATA,ACTINOPTERYGII,CYPRINIFORMES,CYPRINIDAE,Barbodes,flavifuscus
18890,Barbodes herrei,ANIMALIA,CHORDATA,ACTINOPTERYGII,CYPRINIFORMES,CYPRINIDAE,Barbodes,herrei
18891,Barbodes katolo,ANIMALIA,CHORDATA,ACTINOPTERYGII,CYPRINIFORMES,CYPRINIDAE,Barbodes,katolo
18892,Barbodes lanaoensis,ANIMALIA,CHORDATA,ACTINOPTERYGII,CYPRINIFORMES,CYPRINIDAE,Barbodes,lanaoensis
18901,Barbodes tras,ANIMALIA,CHORDATA,ACTINOPTERYGII,CYPRINIFORMES,CYPRINIDAE,Barbodes,tras
18904,Barbodes manalak,ANIMALIA,CHORDATA,ACTINOPTERYGII,CYPRINIFORMES,CYPRINIDAE,Barbodes,manalak
20687,Barbodes palata,ANIMALIA,CHORDATA,ACTINOPTERYGII,CYPRINIFORMES,CYPRINIDAE,Barbodes,palata
13132,Melomys rubicola,ANIMALIA,CHORDATA,MAMMALIA,RODENTIA,MURIDAE,Melomys,rubicola
184553,Bythinella punica,ANIMALIA,MOLLUSCA,GASTROPODA,LITTORINIMORPHA,BYTHINELLIDAE,Bythinella,punica
